115	이미 다룸(n-tg-0209)
394	이미 다룸(n-tg-0209)
163	이미 다룸(n-bbg-0090)
598	이미 다룸(n-bbg-0097)
621	이미 다룸(n-tg-0122)
601	이미 다룸(n-tg-0129)
689	이미 다룸(n-tg-0126)
635	이미 다룸(n-tg-0125)
147	이미 다룸(n-tg-0202)
125	이미 다룸(n-tg-0193)
170	이미 다룸(n-tg-0194)
517	이미 다룸(n-tg-0194)
433	이미 다룸(n-tg-0194)
707	이미 다룸(n-tg-0117)
552	이미 다룸(n-bbg-0092)
177	이미 다룸(n-tg-0189)
571	이미 다룸(n-tg-0189)
685	이미 다룸(n-tg-0130)
396	이미 다룸(n-tg-0187)
642	이미 다룸(n-tg-0187)
680	이미 다룸(n-tg-0121)
718	이미 다룸(n-bbg-0083)
584	이미 다룸(n-bbg-0086)
699	이미 다룸(n-rtr-0019)
565	이미 다룸(n-bbg-0081)
211	이미 다룸(n-tg-0134)
132	이미 다룸(n-tg-0206)
506	이미 다룸(n-tg-0206)
435	이미 다룸(n-tg-0136)
668	이미 다룸(n-tg-0136)
603	이미 다룸(n-tg-0128)
160	이미 다룸(n-tg-0135)
645	이미 다룸(n-bbg-0095)
697	이미 다룸(n-tg-0115)
161	이미 다룸(n-tg-0139)
542	이미 다룸(n-tg-0139)
213	이미 다룸(n-tg-0132)
260	이미 다룸(n-tg-0132)
595	이미 다룸(n-tg-0133)
293	AI 자금 조달
383	AI 자금 조달(웨이모 대출)
416	AI 자금 조달
142	AI 칩 업체 자금 조달
533	여론조사, 투자 무관
237	투자 무관
69	개인 소송 분쟁, 투자 무관
436	은행장 보수, 투자 무관
617	야당 공약, 투자 무관
701	차량 전조등 규제, 투자 무관
