419	모로코 항공우주 수출 전망	
429	아마존 안드로이드 태블릿 출시	
430	글로벌파운드리, TSMC 대신 AI 칩 부품 생산	
431	ASML·자이스 차세대 노광기술 10년 뒤	
432	폴스타 분기 판매와 미국 판매 금지 우려	
434	나발그룹 유럽 방산 공략	
437	인도 GST 처벌 규정 완화	
441	업스케일 AI 칩 연결 플랫폼 출시	
443	크레디아그리콜 독일 소매금융 진출	
446	루비오 '지중해 해저 전력망 지원'	
447	AI 붐이 호주 물가 자극	
448	이탈리아, MS 게임 자회사 조사	
450	멕시코 자동차 수출 급감(미 관세)	
454	잠비아·미국 광물 협정 협상	
455	캄파리 회장 탈세 기소 추진	
457	패스트리테일링 연간 이익 32% 증가	
461	ECB 분트슈, 은행 부담금 인상안 반대	
470	쥐트추커 상반기 매출	
471	화이자 이탈리아 감원	
477	가나 코코아 수매 자금 확보	
479	애버딘, 스탠다드라이프 지분 절반 매각	
480	인도 브리게이드 40억 달러 투자	
494	세븐&아이 영업이익 11% 감소	
498	미·러, 유럽행 가스 판매 모색	
503	포비아 헬라 수주	
504	다임러트럭 3분기 판매 26% 증가	
505	미국, 미얀마 군정과 직접 대화	
507	인도 결제주, UPI 수수료 지연 보도에 하락	
516	크리스챤 디올 이사회 교체	
518	제약협회, 트럼프 행정부 제소	
519	프라이스라인 FTC 제재 위기	
520	오로라 자율주행 트럭 규제 면제	
531	웨불, 중국 연계 지적에 급락	
537	제너럴다이내믹스 차기 CEO	
540	어플라이드 디지털 매출 급증·적자 확대	
543	레볼루트 해킹 피해 보상	
544	UPS 연말 임시직 10만 명 채용	
547	질랜드·로슈 비만약 2상 결과	
548	옴니브리지웨이 10억 달러 조달	
549	노바티스 피부질환약 적응증 확대	
557	탄자니아 금광 사망과 런던 정련사 인증	
558	엘리엇·시리스, 기가몬 매각 검토	
561	사우디, 플라이두바이 사고 조사	
566	브라질, 아메리칸항공의 아줄 투자 승인	
568	영국 헤드램 법정관리·상장폐지	
569	에어프로덕츠 말레이시아 LNG 기반 공기분리 설비	
572	OP모빌리티 목표 하향·감원	
574	웰스파고 규제 조사	
577	파이어플라이 로보틱스 나스닥 직상장	
582	로사톰, 델로 인수로 러시아 최대 물류그룹	
585	서클8 스리 인수 기한 연장	
587	CFPB 검사 완화	
588	선파마 회사채 발행 검토	
604	WHO, 아동 비만에 GLP-1보다 생활습관 권고	
606	셸 3분기 가스 생산 전망 상향	n-bbg-0100
607	한국 에너지 전환 계획	
610	케냐 인프라펀드 투자 개시	
612	인도 증권거래소, 고평가 해외 ETF 경고	
618	주빌런트 푸드웍스 실적	
623	메르세데스 3분기 판매 8% 감소	
626	콜롬비아 연기금 해외투자 상한 철회	
630	독일 '러시아 원자로 부품 공장 막아야'	n-rtr-0020
632	싱가포르 녹색전력 수입 목표 미달 전망	
634	독일, 코스코의 물류회사 인수 차단	
638	남아공 배터리·가스발전 우선	
641	폴란드 첫 해상풍력 터빈 설치 완료	
644	영국 PRA 규제 기준 GDP 연동	
648	아커BP 노르웨이 사업비 증가	
650	노무라자산운용 해외 사업 확대	
655	AMD, 삼성 파운드리 협력 계속 검토	n-tg-0190
656	라코스테 CEO 해임	
657	EU, 대형 IT기업 과세 구상	
662	타이탄 귀금속 성장 둔화	
665	일본 맥주회사 담합 조사	
669	라피더스 고객 확보 관건	n-tg-0178
671	구글 원전 계약에 호주 우라늄주 급등	n-bbg-0072
674	우간다, 단고테 정유 지분 매입 승인	
676	보스턴다이내믹스 새 CEO	
678	인도 철강 수입 규제 추가 없을 듯	
679	말레이시아 2027년 예산	
683	BHP 캄발다 니켈 자산 매각	
684	셰브론 헤스 미드스트림 지분 매각	
686	라디언트 관련 뉴욕연은 문서 소환 허가	
687	안두릴·미 해군 잠수함 부품 투자	
688	미 FAA 상업 우주발사 규제 간소화	
696	컨스텔레이션 브랜즈 실적 호조	
698	IMF '헤지펀드 영향력 커져 감독 필요'	
700	텍사스주, 해인스 유해물질 조사	
704	연준 은행감독 체계 개편	
709	AT&T 광통신 합작사 설립	
717	인도 NTPC 민간 석탄 구매 확대	n-bbg-0094
