164	K	rates
165	D	other
166	K	tech
167	D	chatter
168	K	rates
169	K	agri
170	K	realestate
171	D	chatter
172	D	wrap
173	D	wrap
174	D	sports
175	D	sports
176	K	tech
177	D	opinion
178	K	industrial
179	D	ai-invest
180	D	wrap
181	D	life
182	K	macro
183	K	geo
184	K	energy
185	K	energy
186	K	geo
187	D	wrap
188	D	opinion
189	D	other
190	D	opinion
191	D	opinion
192	K	rates
193	K	consumer
194	K	power
195	D	politics
196	D	sports
197	K	aero
198	K	realestate
199	D	other
200	D	chatter
201	K	energy
202	K	consumer
203	K	tech
204	K	macro
205	D	wrap
206	K	semis
207	D	ai-invest
208	D	wrap
209	K	macro
210	K	ai
211	D	other
212	K	energy
213	K	geo
214	K	aero
215	D	explainer
216	D	explainer
217	K	auto
218	K	aero
219	K	auto
220	K	tech
221	K	fin
222	K	industrial
223	K	fin
224	D	politics
225	K	consumer
226	K	semis
227	K	consumer
228	K	metals
229	K	industrial
230	D	life
231	K	energy
232	K	macro
233	K	trade
234	K	tech
235	D	sports
236	D	ai-invest
237	D	politics
238	K	power
239	K	consumer
240	D	life
241	K	ai
242	K	energy
243	D	crime
244	D	sports
245	K	macro
246	K	tech
247	D	other
248	D	politics
249	K	tech
250	K	fin
251	D	life
252	D	explainer
253	K	macro
254	D	politics
255	D	opinion
256	K	fin
257	K	fin
258	K	macro
259	K	energy
260	K	geo
261	K	ai
262	K	metals
263	K	industrial
264	D	sports
265	K	tech
266	K	tech
267	K	fin
268	K	fin
269	D	politics
270	D	crime
271	K	macro
272	K	geo
273	K	macro
274	K	fin
275	K	fin
276	D	politics
277	D	sports
278	K	tech
279	D	chatter
280	K	rates
281	D	dup
282	K	agri
283	D	sports
284	D	sports
285	D	politics
286	D	sports
287	K	tech
288	K	consumer
289	K	macro
290	K	consumer
291	D	ai-invest
292	D	other
293	K	consumer
294	D	politics
295	D	other
296	K	geo
297	K	ai
298	K	fin
299	D	crime
300	K	fin
301	K	energy
302	K	geo
303	K	agri
304	K	consumer
305	D	sports
306	D	wrap
307	K	macro
308	K	energy
309	D	crime
310	D	other
311	K	geo
312	K	tech
313	K	metals
314	D	other
315	D	politics
316	D	opinion
317	D	opinion
318	K	geo
319	K	macro
320	D	life
321	K	tech
322	D	politics
323	D	other
324	K	consumer
325	D	politics
