2026-10-08	n-tg-0209	텔레그램	월러 연준 이사 "추가 인상 필요하지만 매 회의 연속 인상은 불필요"
2026-10-08	n-tg-0208	텔레그램	크렘린 '푸틴·페제시키안, 9일 회담서 이란 NPT 탈퇴 논의할 수도'
2026-10-08	n-tg-0207	텔레그램	DA 데이비슨, 마이크론 목표가 3,000달러로…'메모리 수급난 2028년까지'
2026-10-08	n-tg-0206	텔레그램	TSMC 9월 매출 전년비 54.6% 증가…3분기 1조 4,942억 대만달러
2026-10-08	n-tg-0205	텔레그램	외국인 보유 중국 본토 주식 4조 6,600억 위안…반년 새 30% 가까이 증가
2026-10-08	n-tg-0204	텔레그램	중국 국경절 출입국 1,546만 명, 6.7% 증가…본토 주민 출국 9.3%↑
2026-10-08	n-tg-0203	텔레그램	중국 연료유 선물 18% 급등…브렌트도 103~104달러로 상승
2026-10-08	n-tg-0202	텔레그램	호르무즈 밖으로 번진 유조선 공격…카타르 북쪽·UAE 푸자이라 인근 피격
2026-10-08	n-tg-0201	텔레그램	FT '이란 전쟁, 영국 재정에 120억 파운드 구멍'…재정 여력 반토막
2026-10-08	n-tg-0200	텔레그램	백악관 AI 과학 정상회의…AMD·오픈AI·앤트로픽 10억 달러 이상 투자 약속
2026-10-08	n-tg-0199	텔레그램	씨티 "메타 Muse형 상시 에이전트로 CPU 시장 2030년 3,000억 달러"
2026-10-08	n-tg-0198	텔레그램	中 광칩주 급락…가격 인하설·FCC 규제설에 업체들 "들은 바 없다"
2026-10-08	n-tg-0197	텔레그램	우크라이나 드론, 러시아 가스프롬 살라바트 정유단지 타격…화재
2026-10-08	n-tg-0196	텔레그램	비톨 CEO '서방에 더 꺼내 쓸 석유 재고 없다'…겨울 제품난 경고
2026-10-08	n-tg-0195	텔레그램	트럼프 '이란 합의, 내가 원하는 게 아니다'…공습 재개 준비 보도 직후
2026-10-08	n-tg-0194	텔레그램	후티, 사우디 아브하·리야드 공항 공격…3명 사망·36명 부상
2026-10-08	n-tg-0193	텔레그램	미 국방부, 중부사령부에 이란 대규모 공격 재개 준비 지시(악시오스)
2026-10-08	n-tg-0192	텔레그램	네비우스, 10월부터 GPU 임대료 인상…H100 17%·B300 21%
2026-10-08	n-tg-0191	텔레그램	미 PIF에너지, 20억 달러로 유조선 최대 15척 매입…호르무즈 통과 운송
2026-10-08	n-tg-0190	텔레그램	리사 수 방한, 삼성·SK하이닉스에 3~5년 협력 제안…SK HBM4 첫 채택
2026-10-08	n-tg-0189	텔레그램	프랑스, 전략 비축 경유 1,000만 배럴 석 달간 방출
2026-10-08	n-tg-0188	텔레그램	미 오피스 CMBS 연체율 9월 12.2%…사상 두 번째, 금융위기 고점 웃돌아
2026-10-08	n-tg-0187	텔레그램	폭풍 이사야스에 미 멕시코만 원유 25% 생산 중단…셸·셰브론 철수
2026-10-08	n-tg-0186	텔레그램	마이크론 대만 노조 파업권 확보…19일 집회, 타이중도 22일 조정
2026-10-08	n-tg-0185	텔레그램	정부, 웨스팅하우스 지분 5~10% 인수 추진…건설사·기자재 컨소시엄 의향 조사
2026-10-08	n-tg-0139	텔레그램	미 전쟁부 전략자본국, 울프스피드에 15억 달러 조건부 대출 약정
2026-10-08	n-tg-0138	텔레그램	중국, 남는 전력·싼 땅으로 내륙 AI 데이터센터 건설 가속(FT)
2026-10-08	n-tg-0137	텔레그램	산업부 "대미 원전 8기 사업 2028년께 구체화"…웨스팅하우스 대가엔 상한
2026-10-08	n-tg-0136	텔레그램	삼성전자 3분기 영업익 107조 4,000억 원…국내 첫 분기 100조 돌파
2026-10-08	n-tg-0135	텔레그램	SK하이닉스 솔리다임, 미국 IPO 주관사에 골드만·모건스탠리 선정
2026-10-08	n-tg-0134	텔레그램	스페이스X 5년물 CDS 190bp대로 사상 최고…400억 달러 부채 조달 여파
2026-10-08	n-tg-0133	텔레그램	IIF "9월 신흥국 주식서 192억 달러 유출"…한국 주식 매도가 주도
2026-10-08	n-tg-0132	텔레그램	EU, 중국산 하이브리드차 수입 제한 준비…초과분 관세 매기는 관세할당 검토
2026-10-07	n-tg-0131	텔레그램	오만만 선적 VLCC 하루 116만 달러에 계약…최근 거래보다 30만 달러 높아
2026-10-07	n-tg-0130	텔레그램	트럼프 "연방 휘발유세 유예 검토"…갤런당 4.37달러 휘발유값에 선거 앞 대응
2026-10-07	n-tg-0129	텔레그램	영국 30년물 국채금리 6.02%…1998년 이후 최고, 10년물도 5.5% 근접
2026-10-07	n-tg-0128	텔레그램	마이크론 대만 타오위안 노조, 찬성 99%로 파업권 확보
2026-10-07	n-tg-0127	텔레그램	모건스탠리 "미 데이터센터 2028년 전력 32GW 부족"…부품사 먼저 타격
2026-10-07	n-tg-0126	텔레그램	일본 8월 실질임금 1.5% 올라 8개월 연속 상승…약 10년 만의 최장
2026-10-07	n-tg-0125	텔레그램	인도 중앙은행, 약 4년 만에 금리 인상…5.50%로 올리고 '조정된 긴축' 전환
2026-10-07	n-tg-0124	텔레그램	중국 인민은행, 23개월 연속 금 매입…9월 74만 온스로 3년 만의 최대
2026-10-07	n-tg-0123	텔레그램	글로벌 아토믹, 다사 우라늄 광산 자금 공백 1억 달러…브리지론·선급금 추진
2026-10-07	n-tg-0122	텔레그램	미국 8월 무역적자 1,056억 달러…AI 장비 수입에 수입액 사상 최대
2026-10-07	n-tg-0121	텔레그램	러 볼고그라드 정유소 드론 피해로 전면 중단…베네수엘라 카르돈도 화재로 멈춰
2026-10-07	n-tg-0120	텔레그램	중국 민영 정유사, 이란산 끊기자 이라크·카타르 원유 최소 1,200만 배럴 매입
2026-10-07	n-tg-0119	텔레그램	포스코퓨처엠, 삼성SDI에 6조 원 규모 LFP 양극재 공급…2027~2032년
2026-10-07	n-tg-0118	텔레그램	난야, D램 계약가 최대 20% 추가 인상 통보…9월 매출 또 사상 최대
2026-10-07	n-tg-0117	텔레그램	미 EIA, 4분기 브렌트 전망 105달러로 14달러 올려…중동 수출 제한 탓
2026-10-07	n-tg-0116	텔레그램	호르무즈 원유 통과 전쟁 전 76%로 회복…석유제품은 11%에 그쳐 경유난 지속
2026-10-07	n-rtr-0020	로이터	독일 환경단체, 로사톰 면허 쓰는 링겐 핵연료 공장 허가 정지 신청 나서
2026-10-07	n-bbg-0101	블룸버그	미 10년물 390억 달러 입찰 호조…낙찰금리 5.300%, 간접 응찰 80%
2026-10-07	n-bbg-0100	블룸버그	셸, 3분기 정제 마진 배럴당 42달러로 75% 급등 예고…화학 마진은 하락
2026-10-07	n-bbg-0099	블룸버그	카타르, 빈 LNG선을 걸프 안으로 불러들여…수출 확대 준비 신호
2026-10-07	n-bbg-0098	블룸버그	브렌트 100달러 위 유지…후티의 사우디 공격·멕시코만 폭풍에 공급 불안
2026-10-07	n-bbg-0097	블룸버그	뉴욕 연은 조사, 1년 기대인플레이션 3.9%…2023년 5월 이후 최고
2026-10-07	n-bbg-0096	블룸버그	노무라자산운용, 펀드매니저 평가 기간 1·3·5년에서 3·5·10년으로
2026-10-07	n-bbg-0095	블룸버그	인텔 CEO "머스크의 테라팹에 계속 참여"…TSMC 협력설 속 입장 확인
2026-10-07	n-bbg-0094	블룸버그	인도 석탄발전소 절반 가까이 재고 '위험 수준'…정전 위험 커져
2026-10-07	n-bbg-0093	블룸버그	IMF 총재, 워시의 '물가 안정 우선' 칭찬…미·일 등에 부채 대응 촉구
2026-10-07	n-bbg-0092	블룸버그	IEA, 새 방출 대신 3월 약속분 남은 1억 배럴 조기 방출…경유 우선
2026-10-07	n-bbg-0091	블룸버그	독일 경제에너지부, 풍력·태양광 산업 전담 부서 해체…재생에너지 약화 논란
2026-10-07	n-bbg-0090	블룸버그	연준 9월 의사록, 12대 0 인상…'대부분 연내 한 번 더 인상 적절'
2026-10-07	n-bbg-0089	블룸버그	에퀴노르, 함메르페스트 LNG 개조 비용 265억 크로네로 또 상향
2026-10-07	n-bbg-0088	블룸버그	브로드컴, 오픈AI 맞춤형 칩 자금 500억 달러 이상 조달 추진
2026-10-07	n-bbg-0087	블룸버그	브라스켐 채권단, 구조조정안에 반발…10월 9일 합의 시한 앞두고 교착
2026-10-07	n-bbg-0086	블룸버그	호주 최고법원 "탄광 승인 때 수출탄 연소 배출도 따져야"…탄광 확장 제동
2026-10-07	n-bbg-0085	블룸버그	안토파가스타 칠레 센티넬라 구리 광산 노조, 중재 결렬 뒤 파업 돌입 예고
2026-10-06	n-tg-0115	텔레그램	마벨, 2028회계연도 매출 목표 200억 달러로…2031년 최대 900억 달러
2026-10-06	n-tg-0114	텔레그램	TSMC 성숙공정 인상 여파…PMIC·DDI·MCU 업체도 가격 인상 검토
2026-10-06	n-tg-0113	텔레그램	에너지 트랜스퍼, 델라웨어 분지 바케로 미드스트림 26억 2,500만 달러에 인수
2026-10-06	n-tg-0112	텔레그램	사우디·파키스탄·튀르키예, 메카 방위협정 첫 발동…사우디에 병력 배치 합의
2026-10-06	n-tg-0111	텔레그램	골드만 "경유 고가 2027년까지"…경유·항공유 크랙 40달러 넘을 전망
2026-10-06	n-tg-0110	텔레그램	중국 초심층 유전 누적 2,600만 톤 돌파…심해 류화도 200만 톤
2026-10-06	n-tg-0109	텔레그램	딥시크, 800억 위안 이상 투자 유치 임박…텐센트·CATL 주도
2026-10-06	n-tg-0108	텔레그램	씨티·JP모건 등 글로벌 은행, 아시아 GPU 담보 대출 검토
2026-10-06	n-tg-0107	텔레그램	싱가포르 데이터센터 운영사 데이원, 나스닥 상장 신청…상반기 매출 3.4배
2026-10-06	n-tg-0106	텔레그램	메타·MS, 직원 클로드 사용 축소…메타 사용자 절반·MS 예산 3분의 1 줄여
2026-10-06	n-tg-0105	텔레그램	웨스팅하우스, 미국 APR1400 2기 기술료 인상 요구…역무·연료도 재협상
2026-10-06	n-tg-0104	텔레그램	오픈AI, 1조 4,000억 달러 가치로 300억 달러 조달 협의…UAE·블랙록
2026-10-06	n-tg-0103	텔레그램	러시아 공습에 우크라 철강 90% 멈춰…"최악엔 GDP 7% 손실" 추산
2026-10-06	n-rtr-0019	로이터	유럽 풍력·태양광 관리 시스템 8,547개 인터넷에 노출…터빈 정지 화면까지 열려
2026-10-06	n-rtr-0018	로이터	미 EIA, 미국 전력 사용 2년 연속 최대 전망…PJM 도매가 41% 상승
2026-10-06	n-bbg-0084	블룸버그	베트남 LNG 발전 확대 계획 크게 지연…18개 사업 중 1곳만 일정 맞출 듯
2026-10-06	n-bbg-0083	블룸버그	벤처글로벌, 페트로차이나 등 중국 3곳 이상과 LNG 장기 공급 협상
2026-10-06	n-bbg-0082	블룸버그	우에다 총재 '금리 계속 올린다'…10월 인상 신호는 주지 않아
2026-10-06	n-bbg-0081	블룸버그	트라피구라 등, 잠비아–콩고 구리벨트 송전선에 3억 달러…최대 550MW 수입 길
2026-10-06	n-bbg-0080	블룸버그	스페이스X, 엔비디아 칩 사려고 400억 달러 부채 조달 추진
2026-10-06	n-bbg-0079	블룸버그	씨게이트·도시바, TDK의 HDD 자기헤드 사업 인수 경쟁
2026-10-06	n-bbg-0078	블룸버그	러시아 9월 석유·가스 세수 22% 감소…정유 보조금 3,055억 루블로 급증
2026-10-06	n-bbg-0077	블룸버그	아람코 CEO '공급 완충 무서울 만큼 얇다'…재고 복구에 최대 2년
2026-10-06	n-bbg-0076	블룸버그	LS파워, 6호 펀드 60억 달러로 마감…목표 40억 달러 크게 웃돌아
2026-10-06	n-bbg-0075	블룸버그	일본 10년물 국채 입찰, 표면금리 3.1%에 응찰 3.76배로 수요 견조
2026-10-06	n-bbg-0074	블룸버그	미 하원 중국특위 위원장, 연준에 홍콩의 달러 유동성 창구 이용 재검토 요구
2026-10-06	n-bbg-0073	블룸버그	걸프 원유 수출 전쟁 전의 91%까지 회복…선박 피격 잇따라 유가 100달러 안팎
2026-10-06	n-bbg-0072	블룸버그	구글–콘스텔레이션 20년 원전 전력계약…원자로 11기 출력 890MW 늘린다
2026-10-06	n-bbg-0071	블룸버그	블루 에너지, 텍사스 전력망에 소형원전 첫 연결 신청…300MW급 최대 5기
2026-10-06	n-bbg-0070	블룸버그	AMD 리사 수 "AI 칩 수요 예상 초과"…생산능력 계획 3~5년 앞까지
2026-10-05	n-tg-0184	텔레그램	다이요오일 CEO '일본 원유, 중동 의존 90% 넘게 유지해야'
2026-10-05	n-tg-0183	텔레그램	프랑스-독일 10년물 금리차 145bp 넘어…유로존 위기 이후 최대
2026-10-05	n-tg-0182	텔레그램	골드만 "미 데이터센터 전력 수요 2027년 17GW 증가"…지역 반발에도 증설 지속
2026-10-05	n-tg-0181	텔레그램	예멘 정부군, 바브엘만데브·두밥 장악 주장…후티는 부인
2026-10-05	n-tg-0180	텔레그램	사우디 동서 송유관 펌프장 또 피격…중단 보도 뒤 '정상 가동' 엇갈려
2026-10-05	n-tg-0179	텔레그램	JP모건 "800V 직류 도입 늦어진다"…하이브리드 AC/DC가 2030년대까지 주류
2026-10-05	n-tg-0178	텔레그램	라피더스, 도시바 자회사 등 설계업체 17곳과 고객 칩 설계 지원
2026-10-05	n-tg-0177	텔레그램	폭스콘 텍사스 공장, 오라클용 베라 루빈 AI 랙 생산 본격화
2026-10-05	n-tg-0176	텔레그램	호르무즈 원유 수출 회복 뒤 선박 공격 재개…9월 28일 이후 7척 피격
2026-10-05	n-rtr-0017	로이터	페트로나스 "LNG 구매자들, 25~28달러에도 주저 없이 산다"
2026-10-05	n-rtr-0016	로이터	일본 30년물 금리 4.235% 사상 최고…다카이치 '국채 발행 억제'
2026-10-05	n-rtr-0015	로이터	ADNOC, 태국 걸프와 LNG 약 200만 톤 다년 공급 계약…2027년부터
2026-10-05	n-bbg-0069	블룸버그	트럼프, 면세 적색 경유의 도로 사용을 연말까지 허용하는 행정명령 서명
2026-10-05	n-bbg-0068	블룸버그	미 30년물 국채 금리 5.7% 근접, 2002년 이후 최고…장기채 매도 지속
2026-10-05	n-bbg-0067	블룸버그	미국령 세인트크로이 정유소, 2027년 재가동 추진…원유 공급·제품 구매처 확보
2026-10-05	n-bbg-0066	블룸버그	사우디, 11월 아시아행 원유값 6년 만의 최저로…기준유보다 5달러 할인
2026-10-05	n-bbg-0065	블룸버그	쿠웨이트 원유 생산 하루 200만 배럴…전쟁 전의 약 75% 수준
2026-10-05	n-bbg-0064	블룸버그	JP모건, 볼타의 50억 달러 AI 대출을 연 11% 수익률로 판매
2026-10-05	n-bbg-0063	블룸버그	인도 야간 전력 부족 5.8GW로 확대…풍력 급감에 수력 부진 겹쳐
2026-10-05	n-bbg-0062	블룸버그	호르무즈 LNG 통과 회복세 이어져…그래도 전쟁 전보다 75% 넘게 적어
2026-10-04	n-tg-0175	텔레그램	9월 미국향 유정관·송유관 수출 9.1만 톤…전월 대비 30% 반등
2026-10-04	n-tg-0174	텔레그램	미국 8월 데이터센터 건설 지출 연율 850억 달러…73% 늘어 최고
2026-10-04	n-tg-0173	텔레그램	이란 의회의장 '7개 조건 충족 전 호르무즈 재개방 없다'…사찰 제안 보도는 부인
2026-10-04	n-tg-0172	텔레그램	포텐 'VLCC 운임이 원유 도착비용의 27%'…고운임발 수요 위축 경고
2026-10-04	n-tg-0171	텔레그램	하이퍼스케일러 설비투자 증가율, 3분기 116%로 정점 뒤 둔화 전망
2026-10-04	n-tg-0170	텔레그램	DataOne 인디애나 525MW 데이터센터, 계통 350MW에 연료전지 175MW
2026-10-04	n-tg-0169	텔레그램	대만 중강 9월 출하 104.1만 톤, 50개월 만에 최고…4분기 철강값 완만한 상승 전망
2026-10-04	n-bbg-0061	블룸버그	OPEC+ 7개국, 11월 생산 목표 동결…두 달째 하루 3,100만 배럴 유지
2026-10-03	n-tg-0168	텔레그램	중국, ASML 액침 DUV 약 343대 비축…미 싱크탱크 '전면 금수' 촉구
2026-10-03	n-tg-0167	텔레그램	머스크, TSMC·테라팹 텍사스 공장 협력 논의 확인…TSMC 소유·운영안 유력
2026-10-03	n-tg-0166	텔레그램	후티, 사우디 아람코 리야드 정유소 공격 주장…대형 화재 발생
2026-10-03	n-tg-0165	텔레그램	트럼프, 연준 본부 공사비 들어 파월 사임 압박…법무부는 형사수사 재개 안 해
2026-10-03	n-tg-0164	텔레그램	트럼프 "한국 합의에 84억 달러 원유 회수 증진 사업"…산업부 "합의에 없다"
2026-10-03	n-bbg-0060	블룸버그	세계 경유난에 힘 받는 페트로브라스 정유 증설 구상…브라질 대선이 변수
2026-10-02	n-tg-0163	텔레그램	삼성 HBM4 견적 Gb당 4달러대…HBM3E의 3배 수준
2026-10-02	n-tg-0162	텔레그램	러시아, 우크라이나 전력망에 최대 1,000발 겨울 공세 계획(NYT)
2026-10-02	n-tg-0161	텔레그램	사우디 동서 송유관 수송량 능력의 80% 넘어…홍해 수출 여력 전쟁 뒤 최고
2026-10-02	n-tg-0160	텔레그램	벤처글로벌, 코노코필립스와 연 100만 톤 20년 LNG 판매계약
2026-10-02	n-tg-0159	텔레그램	JERA 가니 CEO "카타르 LNG 곧 안 돌아온다"…현물가 작년의 두 배
2026-10-02	n-tg-0158	텔레그램	중국, 보잉 200대 주문에 엔진 부품 장기 보장 요구…계약 무산 위기
2026-10-02	n-tg-0157	텔레그램	NYT '이란, 8월 이후 주당 드론 30회·미사일 10회로 호르무즈 상선 공격'
2026-10-02	n-tg-0156	텔레그램	테슬라, 옵티머스 양산 위해 AI5 램 절반·AI6 3분의 1 축소
2026-10-02	n-tg-0155	텔레그램	미 지방채 9월 4.4% 하락…리먼 사태 이후 최악의 달
2026-10-02	n-tg-0154	텔레그램	미국 2027~2031년 가동 예정 BESS 293건…1년 새 75%↑
2026-10-02	n-tg-0153	텔레그램	그리어 USTR '과잉생산 대응 조치 수주 안에'…중국·베트남·일본 겨냥
2026-10-02	n-tg-0152	텔레그램	텐센트, 오라클 동남아 데이터센터 5년 임차…AI 칩 10만 개·70억 달러
2026-10-02	n-tg-0151	텔레그램	한국 9월 소비자물가 2.9%…석유류 14.8% 올라 두 달 만에 2%대
2026-10-02	n-tg-0150	텔레그램	미군, 사우디 석유·카타르 가스 시설에 패트리엇 포대 1개씩 추가 배치
2026-10-02	n-tg-0149	텔레그램	소프트뱅크, 오픈AI에 마지막 100억 달러 납입…누적 646억 달러·지분 13%
2026-10-02	n-tg-0148	텔레그램	화타이증권 "한국 9월 수출 증가분 90%는 AI 밸류체인"…추가 가속은 제한
2026-10-02	n-tg-0147	텔레그램	JP모건 'AI 서버 D램 비트 수요 연 92% 증가'…공급은 20%대에 그쳐
2026-10-02	n-tg-0146	텔레그램	대만 9월 제조업 PMI 56.7…AI 수요에 2021년 8월 이후 최고
2026-10-02	n-tg-0145	텔레그램	제퍼슨 연준 부의장 "판단에 시간 더 필요"…10월 인상 확률 24%로
2026-10-02	n-tg-0102	텔레그램	도시바, AI 데이터센터용 HDD 생산능력 2배로…필리핀에 600억 엔 투자
2026-10-02	n-bbg-0059	블룸버그	미 9월 고용 2만 9,000명 증가에 그쳐…7·8월도 6만 명 하향
2026-10-02	n-bbg-0058	블룸버그	트럼프 '경유 수출 금지 안 한다'…G7 비축유 1억 배럴 방출 합의 뒤
2026-10-02	n-bbg-0057	블룸버그	트럼프 "한국, 알래스카 LNG 서명 안 하면 관세 두 배"
2026-10-02	n-bbg-0056	블룸버그	남아공, 첫 민간 송전망 입찰 6개월 연기…10억 달러 사업 2027년으로
2026-10-02	n-bbg-0055	블룸버그	유로존 9월 물가 3.8%로 3년 만의 최고…에너지 18.8% 급등
2026-10-02	n-bbg-0054	블룸버그	미 에너지부, 비스트라 원전 3곳 개보수·출력 증강에 최대 42억 달러 대출 약정
