n-bbg-0094	인도 석탄발전 재고 '위험 수준'…최대 발전사 NTPC, 민간 석탄 구매 확대
n-bbg-0100	셸, 3분기 정제 마진 75% 급등 예고에 가스 생산 전망도 상향
n-bbg-0199	파산한 퍼스트브랜즈 형제, 재판서 서로 책임 떠넘기기 예고
n-bbg-0207	멕시코 기업들 국내 회사채 발행 서둘러…발행액 사상 최대
n-bbg-0210	유럽 방산 붐, 에너지 기술 기업에 새 자금줄로
n-bbg-0216	나파밸리 고급 와인, 저가 브랜드 달고 팔린다
n-rtr-0020	독일 환경단체 이어 주정부 장관도 '러시아 원자로용 링겐 핵연료 공장 막아야'
n-rtr-0063	이재명 대통령, 극초음속 미사일 시험 발사 참관
n-rtr-0067	콜롬비아 '쯔진, 투자자 모집하며 광산 보안 위험 축소'
n-rtr-0068	사우스웨스트, 보잉 787로 장거리 국제선 진출 검토
n-rtr-0072	英 온라인 의류업체 아소스, 해킹으로 일부 고객 개인정보 유출
n-rtr-0073	RTX 레이시온, 대규모 미국 미사일 계약 따내
n-rtr-0074	아젠엑스, 쇼그렌증후군 비브가트 임상 중단…주가 급락
n-rtr-0075	중재재판부 '벤처글로벌, 갈프와의 LNG 공급 계약 위반'
n-rtr-0077	딜로이트, 영국 교통운영사 고어헤드 그룹 감사 부실로 벌금
n-rtr-0078	악조노벨·액설타 합병, EU 반독점 조건부 승인 전망
n-rtr-0079	모로코·이스라엘 합작 방산업체 MMI, 2027년 3월 포탑 첫 납품 목표
n-rtr-0082	나이지리아, 연료비 변동 줄이려 휘발유 가격 상한제 제안
n-rtr-0083	트레비 "웨빌드 상향 인수가는 적정가치 범위 하단"
n-rtr-0084	아우디 CEO, 폐쇄 위기 공장 노동자에 '실행 가능한 해법 필요'
n-rtr-0086	덴마크 '러시아가 자국 방산업체에 사보타주 공격'
n-rtr-0087	쿠팡, 개인정보 유출 과징금 4억 6,200만 규모에 불복 소송
n-rtr-0088	싱가포르 세비오라, 산하 자산운용사 3곳 통합
n-rtr-0091	아람코, 유전서비스업체 NESR과 사우디 리튬 사업 공동 개발 합의
n-rtr-0092	이탈리아 에너지돔, 대규모 자금 유치 막바지 협상…IPO도 열어 둬
n-rtr-0093	모로코 항공우주 수출, 50억 달러로 늘 수 있다…업계 단체 전망
n-rtr-0094	아마존, 첫 안드로이드 태블릿 출시…가격 올리고 알렉사 탑재
n-rtr-0095	ASML·자이스 '차세대 반도체 노광기술, 10년 뒤에나 준비될 수도'
n-rtr-0096	폴스타 분기 판매 소폭 증가…미국 판매 금지 임박
n-rtr-0097	佛 나발그룹, 유럽 국방비 증가에 역내 수주 공략 강화
n-rtr-0099	엔비디아 투자 받은 업스케일 AI, 경쟁사 칩끼리 잇는 연결 플랫폼 출시
n-rtr-0100	佛 크레디아그리콜, 소매금융 앞세워 독일 시장 확장 추진
n-rtr-0101	루비오 국무장관 '미국, 지중해 해저 전력 케이블 지지'
n-rtr-0102	전 RBA 인사 "AI 붐, 금리 올라도 호주 물가 자극할 것"
n-rtr-0103	이탈리아, EU 지원 받아 마이크로소프트 게임 자회사 조사 착수
n-rtr-0105	잠비아, 보건 협정과 분리해 미국과 광물 협정 협상 중
n-rtr-0106	伊 검찰, 캄파리 회장 탈세 혐의 재판 회부 추진
n-rtr-0109	독일 설탕업체 쥐트추커, 상반기 매출 대체로 보합
n-rtr-0110	화이자, 이탈리아에서 약 330명 감원…비용 절감 이어가
n-rtr-0111	가나 코코아위원회, 농가 수매 자금 2억8800만 확보
n-rtr-0112	영국 애버딘, 스탠다드라이프 지분 절반으로 축소
n-rtr-0113	인도 부동산개발사 브리게이드, 3년간 40억 달러 넘게 투자
n-rtr-0115	미·러, 우크라이나 전쟁 중 유럽에 가스 판매 방안 모색
n-rtr-0116	포비아 헬라, 완성차 2곳서 배터리 전력 부품 '에너지코어' 수주
n-rtr-0118	미국, 미얀마 군부와 직접 대화 개시…수년간의 고립 정책 뒤집어
n-rtr-0119	인도 결제주 하락…UPI 가맹점 수수료 도입 지연 보도 여파
n-rtr-0120	크리스챤 디올, 새 지분구조 앞두고 이사 2명 교체
n-rtr-0121	프라이스라인 모회사, 제휴사 호텔 광고로 FTC 제재 직면
n-rtr-0122	美, 오로라 자율주행 트럭에 안전장비 규정 면제
n-rtr-0123	웨불 주가 급락…"美 하원 위원회, 중국 연계 문제 제기" CNBC 보도
n-rtr-0124	제너럴다이내믹스, 내부 인사 대니 딥을 차기 CEO로 선임
n-rtr-0125	레볼루트 CEO "서유럽 해킹 피해 고객 비용 보상"
n-rtr-0126	UPS, 연말 성수기 앞두고 임시직 10만 명 채용
n-rtr-0127	질랜드·로슈 비만 신약, 2상서 체중 최대 9.2% 감량
n-rtr-0128	소송금융업체 옴니브리지웨이, 10억 달러 자금 조달
n-rtr-0129	미 FDA, 노바티스 약 만성 피부질환 적응증 확대
n-rtr-0130	탄자니아 금광 사망 사건, 런던 금 인증기관·정련사 상대 소송 중심에
n-rtr-0131	엘리엇·시리스, 보유 기업 기가몬 20억 달러 이상에 매각 검토
n-rtr-0132	사우디, 플라이두바이 항공기 사고 안전 조사 착수
n-rtr-0133	브라질 당국, 아메리칸항공의 아줄 투자 승인
n-rtr-0134	英 바닥재 유통사 헤드램, 법정관리 들어가며 상장폐지
n-rtr-0135	에어프로덕츠, 말레이시아 페트로나스 합작사에 LNG 냉열 공기분리설비 건설
n-rtr-0136	佛 부품사 OP모빌리티, 2026년 목표 하향·유럽 770명 감원
n-rtr-0137	웰스파고, 흑인 주택 보유 확대 프로그램 놓고 규제당국 조사
n-rtr-0138	파이어플라이 로보틱스, 나스닥 직상장 신청
n-rtr-0139	로사톰, 델로 지분 100% 확보…러시아 최대 물류그룹 탄생
n-rtr-0140	서클8, 스리 인수 제안 기한 연장 받아
n-rtr-0141	美 소비자금융보호국 검사관들, 압박·위협 속 검사 강도 완화
n-rtr-0142	인도 선파마, 비전환 회사채 발행으로 자금 조달 검토
n-rtr-0143	WHO, 아동 비만 대책으로 GLP-1 약보다 생활습관 개선 권고
n-rtr-0144	한국, 2035년까지 에너지 전환 계획 발표
n-rtr-0145	케냐 인프라펀드, 260억 규모 시드 자본으로 첫 투자 개시
n-rtr-0146	인도 NSE, 수요 몰린 해외 ETF 고평가 경고
n-rtr-0147	메르세데스 3분기 판매 8% 감소…중국 부진 지속, 전기차는 증가
n-rtr-0148	콜롬비아, 연기금 해외투자 상한 법령 철회
n-rtr-0149	우드매켄지 "싱가포르, 2035년 녹색전력 수입 목표 못 채울 것"
n-rtr-0150	독일, 중국 코스코로의 물류회사 매각 차단
n-rtr-0151	남아공, 배터리 저장장치·가스발전 사업 우선 추진
n-rtr-0153	영국 PRA, 규제 적용 기준을 GDP에 연동하는 방안 제안
n-rtr-0154	아커BP 노르웨이 대형 유전 사업비 증가…정부 예산안서 드러나
n-rtr-0155	라코스테, 파리 패션쇼 앞두고 CEO 해임
n-rtr-0156	EU 집행위, 대기업 과세로 빅테크 세금 부과 구상(FT)
n-rtr-0157	인도 타이탄, 축제 시기 어긋나 9월 분기 귀금속 성장 둔화…주가 하락
n-rtr-0158	일본 대형 맥주회사들, 담합 혐의로 압수수색
n-rtr-0159	우간다, 단고테 정유 지분의 자국 투자자 판매 승인
n-rtr-0161	인도 철강부, 값싼 수입 철강 추가 규제 요청 안 할 듯
n-rtr-0162	말레이시아 2027년 예산, 총선 앞두고 생활비·재정위험 대응
n-rtr-0163	BHP, 캄발다 니켈 선광장·광구 골드필즈에 매각
n-rtr-0164	셰브론, 헤스 미드스트림 지분과 DJ 분지 원유 미드스트림 자산 매각
n-rtr-0165	美 법원, 라디언트 관련 뉴욕연은 문서 소환 허가…펀드 측 요청 수용
n-rtr-0166	안두릴·미 해군, 잠수함 부품 생산 확대 위해 공동 투자
n-rtr-0167	美 FAA, 상업 우주발사 규제 간소화 추진
n-rtr-0168	코로나 맥주 컨스텔레이션 브랜즈, 2분기 실적 예상 상회
n-rtr-0169	IMF '헤지펀드 시장 영향력 커져 감독 강화 필요'
n-rtr-0170	텍사스 법무장관, 프루트오브더룸·헤인스 아동용품 유해물질 조사
n-rtr-0171	보우먼 연준 부의장 "은행 감독 책임 체계 전면 개편 계획"
n-rtr-0172	AT&T, 블랙록 GIP·CPP인베스트먼츠와 광통신 합작사 설립
n-rtr-0173	튀르키예 중앙은행 총재 "디스인플레이션 다시 속도…신중 기조 유지"
n-tg-0178	日 150억 달러 라피더스 반도체 승부, 고객 확보가 관건
n-tg-0190	리사 수, 삼성·SK에 장기 협력 제안…HBM4 채택 이어 삼성 파운드리도 검토
