2026-10-02	n-bbg-0050	블룸버그	미·중 정상회담 합의 이행 지연…관세 인하 일정 없고 보잉 주문 흔들	2
2026-10-02	n-bbg-0054	블룸버그	미 에너지부, 비스트라 원전 3곳 개보수·출력 증강에 최대 42억 달러 대출 약정	0
2026-10-02	n-bbg-0055	블룸버그	유로존 9월 물가 3.8%로 3년 만의 최고…에너지 18.8% 급등	0
2026-10-02	n-bbg-0056	블룸버그	남아공, 첫 민간 송전망 입찰 6개월 연기…10억 달러 사업 2027년으로	0
2026-10-02	n-bbg-0059	블룸버그	미 9월 고용 2만 9,000명 증가에 그쳐…7·8월도 6만 명 하향	0
2026-10-02	n-tg-0076	텔레그램		0
2026-10-02	n-tg-0094	텔레그램		0
2026-10-02	n-tg-0095	텔레그램		0
2026-10-02	n-tg-0096	텔레그램		0
2026-10-02	n-tg-0097	텔레그램		0
2026-10-02	n-tg-0098	텔레그램		0
2026-10-02	n-tg-0099	텔레그램		0
2026-10-02	n-tg-0100	텔레그램		0
2026-10-02	n-tg-0101	텔레그램		0
2026-10-02	n-tg-0102	텔레그램	도시바, AI 데이터센터용 HDD 생산능력 2배로…필리핀에 600억 엔 투자	0
2026-10-02	n-tg-0144	텔레그램	대형 ESS 배터리 5년 새 11배로 급증…중국산 비중 95%로 탈중국 난망	2
2026-10-02	n-tg-0146	텔레그램	대만 9월 제조업 PMI 56.7…AI 수요에 2021년 8월 이후 최고	0
2026-10-02	n-tg-0147	텔레그램	JP모건 'AI 서버 D램 비트 수요 연 92% 증가'…공급은 20%대에 그쳐	0
2026-10-02	n-tg-0148	텔레그램	화타이증권 "한국 9월 수출 증가분 90%는 AI 밸류체인"…추가 가속은 제한	0
2026-10-02	n-tg-0151	텔레그램	한국 9월 소비자물가 2.9%…석유류 14.8% 올라 두 달 만에 2%대	0
2026-10-02	n-tg-0152	텔레그램	텐센트, 오라클 동남아 데이터센터 5년 임차…AI 칩 10만 개·70억 달러	0
2026-10-02	n-tg-0156	텔레그램	테슬라, 옵티머스 양산 위해 AI5 램 절반·AI6 3분의 1 축소	0
2026-10-02	n-tg-0163	텔레그램	삼성 HBM4 견적 Gb당 4달러대…HBM3E의 3배 수준	0
2026-10-03	n-bbg-0057	블룸버그	트럼프 '알래스카 LNG 서명 안 하면 관세 두 배'…84억 달러 EOR 혼선	2
2026-10-03	n-bbg-0060	블룸버그	세계 경유난에 힘 받는 페트로브라스 정유 증설 구상…브라질 대선이 변수	0
2026-10-03	n-tg-0165	텔레그램	트럼프, 연준 본부 공사비 들어 파월 사임 압박…법무부는 형사수사 재개 안 해	0
2026-10-03	n-tg-0167	텔레그램	머스크, TSMC·테라팹 텍사스 공장 협력 논의 확인…TSMC 소유·운영안 유력	0
2026-10-03	n-tg-0168	텔레그램	중국, ASML 액침 DUV 약 343대 비축…미 싱크탱크 '전면 금수' 촉구	0
2026-10-04	n-bbg-0061	블룸버그	OPEC+ 7개국, 11월 생산 목표 동결…두 달째 하루 3,100만 배럴 유지	0
2026-10-04	n-tg-0169	텔레그램	대만 중강 9월 출하 104.1만 톤, 50개월 만에 최고…4분기 철강값 완만한 상승 전망	0
2026-10-04	n-tg-0170	텔레그램	DataOne 인디애나 525MW 데이터센터, 계통 350MW에 연료전지 175MW	0
2026-10-04	n-tg-0171	텔레그램	하이퍼스케일러 설비투자 증가율, 3분기 116%로 정점 뒤 둔화 전망	0
2026-10-04	n-tg-0172	텔레그램	포텐 'VLCC 운임이 원유 도착비용의 27%'…고운임발 수요 위축 경고	0
2026-10-04	n-tg-0174	텔레그램	미국 8월 데이터센터 건설 지출 연율 850억 달러…73% 늘어 최고	0
2026-10-04	n-tg-0175	텔레그램	9월 미국향 유정관·송유관 수출 9.1만 톤…전월 대비 30% 반등	0
2026-10-05	n-bbg-0063	블룸버그	인도 야간 전력 부족 5.8GW로 확대…풍력 급감에 수력 부진 겹쳐	0
2026-10-05	n-bbg-0064	블룸버그	JP모건, 볼타의 50억 달러 AI 대출을 연 11% 수익률로 판매	0
2026-10-05	n-bbg-0066	블룸버그	사우디, 11월 아시아행 원유값 6년 만의 최저로…기준유보다 5달러 할인	0
2026-10-05	n-bbg-0067	블룸버그	미국령 세인트크로이 정유소, 2027년 재가동 추진…원유 공급·제품 구매처 확보	0
2026-10-05	n-rtr-0015	로이터	ADNOC, 태국 걸프와 LNG 약 200만 톤 다년 공급 계약…2027년부터	0
2026-10-05	n-tg-0161	텔레그램	사우디 동서 송유관 80% 회복 뒤 펌프장 또 피격…'정상 가동' 엇갈려	2
2026-10-05	n-tg-0177	텔레그램	폭스콘 텍사스 공장, 오라클용 베라 루빈 AI 랙 생산 본격화	0
2026-10-05	n-tg-0179	텔레그램	JP모건 "800V 직류 도입 늦어진다"…하이브리드 AC/DC가 2030년대까지 주류	0
2026-10-05	n-tg-0184	텔레그램	다이요오일 CEO '일본 원유, 중동 의존 90% 넘게 유지해야'	0
2026-10-06	n-bbg-0071	블룸버그	블루 에너지, 텍사스 전력망에 소형원전 첫 연결 신청…300MW급 최대 5기	0
2026-10-06	n-bbg-0073	블룸버그	걸프 원유 수출 전쟁 전의 91%까지 회복…선박 피격 잇따라 유가 100달러 안팎	0
2026-10-06	n-bbg-0074	블룸버그	미 하원 중국특위 위원장, 연준에 홍콩의 달러 유동성 창구 이용 재검토 요구	0
2026-10-06	n-bbg-0076	블룸버그	LS파워, 6호 펀드 60억 달러로 마감…목표 40억 달러 크게 웃돌아	0
2026-10-06	n-bbg-0078	블룸버그	러시아 9월 석유·가스 세수 22% 감소…정유 보조금 3,055억 루블로 급증	0
2026-10-06	n-bbg-0079	블룸버그	씨게이트·도시바, TDK의 HDD 자기헤드 사업 인수 경쟁	0
2026-10-06	n-bbg-0080	블룸버그	스페이스X, 엔비디아 칩 사려고 400억 달러 부채 조달 추진	0
2026-10-06	n-bbg-0081	블룸버그	트라피구라 등, 잠비아–콩고 구리벨트 송전선에 3억 달러…최대 550MW 수입 길	0
2026-10-06	n-bbg-0084	블룸버그	베트남 LNG 발전 확대 계획 크게 지연…18개 사업 중 1곳만 일정 맞출 듯	0
2026-10-06	n-rtr-0016	로이터	日 30년물 금리 4.235% 사상 최고…10년물 입찰은 응찰 3.76배로 견조	2
2026-10-06	n-rtr-0018	로이터	미 EIA, 미국 전력 사용 2년 연속 최대 전망…PJM 도매가 41% 상승	0
2026-10-06	n-rtr-0019	로이터	유럽 풍력·태양광 관리 시스템 8,547개 인터넷에 노출…터빈 정지 화면까지 열려	0
2026-10-06	n-tg-0104	텔레그램	오픈AI, 1조 4,000억 달러 가치로 300억 달러 조달 협의…UAE·블랙록	0
2026-10-06	n-tg-0106	텔레그램	메타·MS, 직원 클로드 사용 축소…메타 사용자 절반·MS 예산 3분의 1 줄여	0
2026-10-06	n-tg-0107	텔레그램	싱가포르 데이터센터 운영사 데이원, 나스닥 상장 신청…상반기 매출 3.4배	0
2026-10-06	n-tg-0108	텔레그램	씨티·JP모건 등 글로벌 은행, 아시아 GPU 담보 대출 검토	0
2026-10-06	n-tg-0109	텔레그램	딥시크, 800억 위안 이상 투자 유치 임박…텐센트·CATL 주도	0
2026-10-06	n-tg-0110	텔레그램	중국 초심층 유전 누적 2,600만 톤 돌파…심해 류화도 200만 톤	0
2026-10-06	n-tg-0113	텔레그램	에너지 트랜스퍼, 델라웨어 분지 바케로 미드스트림 26억 2,500만 달러에 인수	0
2026-10-06	n-tg-0114	텔레그램	TSMC 성숙공정 인상 여파…PMIC·DDI·MCU 업체도 가격 인상 검토	0
2026-10-06	n-tg-0115	텔레그램	마벨, 2028회계연도 매출 목표 200억 달러로…2031년 최대 900억 달러	0
2026-10-06	n-tg-0160	텔레그램	벤처글로벌, 코노코와 20년 LNG 계약 이어 페트로차이나 등 중국과 협상	2
2026-10-06	n-tg-0162	텔레그램	러시아, 우크라 전력망에 최대 1,000발 겨울 공세 계획…철강 90% 멈춰	2
2026-10-07	n-bbg-0058	블룸버그	G7 비축유 1억 배럴 방출에도 경유 고가…트럼프, 연료세 대책 잇따라	7
2026-10-07	n-bbg-0072	블룸버그	구글–콘스텔레이션 원전 출력 890MW 증강 계약에 호주 우라늄주 급등	2
2026-10-07	n-bbg-0086	블룸버그	호주 최고법원 "탄광 승인 때 수출탄 연소 배출도 따져야"…탄광 확장 제동	0
2026-10-07	n-bbg-0087	블룸버그	브라스켐 채권단, 구조조정안에 반발…10월 9일 합의 시한 앞두고 교착	0
2026-10-07	n-bbg-0088	블룸버그	브로드컴, 오픈AI 맞춤형 칩 자금 500억 달러 이상 조달 추진	0
2026-10-07	n-bbg-0089	블룸버그	에퀴노르, 함메르페스트 LNG 개조 비용 265억 크로네로 또 상향	0
2026-10-07	n-bbg-0090	블룸버그	연준 9월 의사록, 12대 0 인상…'대부분 연내 한 번 더 인상 적절'	0
2026-10-07	n-bbg-0091	블룸버그	독일 경제에너지부, 풍력·태양광 산업 전담 부서 해체…재생에너지 약화 논란	0
2026-10-07	n-bbg-0092	블룸버그	IEA, 새 방출 대신 3월 약속분 남은 1억 배럴 조기 방출…경유 우선	0
2026-10-07	n-bbg-0093	블룸버그	IMF 총재 'AI·유가·부채 위험 칵테일' 경고…주요국에 재정 건전화 촉구	3
2026-10-07	n-bbg-0095	블룸버그	인텔 CEO "머스크의 테라팹에 계속 참여"…TSMC 협력설 속 입장 확인	0
2026-10-07	n-bbg-0096	블룸버그	노무라자산운용, 펀드매니저 평가 기간 1·3·5년에서 3·5·10년으로	0
2026-10-07	n-bbg-0097	블룸버그	뉴욕 연은 조사, 1년 기대인플레이션 3.9%…2023년 5월 이후 최고	0
2026-10-07	n-bbg-0098	블룸버그	브렌트 100달러 위 유지…후티의 사우디 공격·멕시코만 폭풍에 공급 불안	0
2026-10-07	n-bbg-0100	블룸버그	셸, 3분기 정제 마진 75% 급등 예고에 가스 생산 전망도 상향	2
2026-10-07	n-bbg-0149	블룸버그	러시아 올해 전비 사상 최대 2천억 달러…협상 결렬 후 600억 달러 추가	2
2026-10-07	n-bbg-0153	블룸버그	텅스텐값 급등에 광산사 상장 러시…르완다 트리니티는 뉴욕, 스페인 아베노하르는 런던	2
2026-10-07	n-bbg-0154	블룸버그	아이슬란드 서유럽 최고 금리 8% 유지…스웨덴 물가 반등에 릭스방크 11월 인상 가능성	2
2026-10-07	n-bbg-0155	블룸버그	사우스웨스트워터 모회사 페넌, 5억 5,000만 파운드 유상증자·배당 삭감에 주가 급락	2
2026-10-07	n-bbg-0156	블룸버그	노르웨이 2027년 예산, 국부펀드서 6084억 크로네 인출…20년 만의 최대 소득세 감세	2
2026-10-07	n-bbg-0157	블룸버그	이라크, 호르무즈 봉쇄로 원유 수출 줄자 디나르 평가절하…달러당 1,520	2
2026-10-07	n-bbg-0159	블룸버그	재규어, 13만 파운드 전기 GT 공개하며 브랜드 재출발…고가 전기차 승부수	2
2026-10-07	n-bbg-0206	블룸버그	美 FTC·농무부, 농기계 시장 관행 조사 착수…디어·CNH·AGCO 주가 5~6% 급락	1
2026-10-07	n-bbg-0207	블룸버그	멕시코 기업들 국내 회사채 발행 서둘러…발행액 사상 최대	1
2026-10-07	n-bbg-0208	블룸버그	SK하이닉스 美 ADR 보호예수 해제…국내 주식 대비 38% 프리미엄 흔들	1
2026-10-07	n-bbg-0209	블룸버그	영국 9월 풍력발전 최대에도 전력값 2배…가스가 가격 결정	1
2026-10-07	n-bbg-0210	블룸버그	유럽 방산 붐, 에너지 기술 기업에 새 자금줄로	1
2026-10-07	n-bbg-0211	블룸버그	세레반스 파킨슨병 먹는 신약 솔렌게프라스, 3상서 1차 목표 달성	1
2026-10-07	n-bbg-0212	블룸버그	남아공 경쟁위, 통조림 공장 폐쇄 은폐 이유로 프리미어-RFG 합병 승인 취소 신청	1
2026-10-07	n-bbg-0213	블룸버그	유학생 대출사 엠파워 붕괴…트럼프 이민 단속에 ABS 수요 끊겨	1
2026-10-07	n-bbg-0214	블룸버그	가민, 스마트워치·어군탐지기 판매 호조에 주가 사상 최고	1
2026-10-07	n-bbg-0215	블룸버그	항셍테크 지수 30→50종목 확대…AI·하드웨어 중심 대개편, 12월 7일 시행	1
2026-10-07	n-bbg-0216	블룸버그	나파밸리 고급 와인, 저가 브랜드 달고 팔린다	1
2026-10-07	n-bbg-0217	블룸버그	상하이 앨리스트, 美 파트너 어라이벤트 폐암 임상 실패에 20% 급락	1
2026-10-07	n-bbg-0218	블룸버그	폭스바겐 영국 금융법인, 자동차금융 보상 충당금 7억2500만 파운드	1
2026-10-07	n-bbg-0219	블룸버그	마이크 애슐리의 프레이저스, 언더아머 지분 8.8% 확보	1
2026-10-07	n-bbg-0220	블룸버그	FTSE 러셀, 튀르키예 '선진 신흥시장' 지위 유지…관찰 대상 지정 안 해	1
2026-10-07	n-rtr-0013	로이터	인도 석탄발전소 절반 가까이 재고 '위험'…NTPC, 민간 석탄 구매 추진	3
2026-10-07	n-rtr-0020	로이터	독일 환경단체 이어 주정부 장관도 '러시아 원자로용 링겐 핵연료 공장 막아야'	2
2026-10-07	n-rtr-0049	로이터	폭염·가뭄에 프랑스 와인 생산 약 3500만hL…상향에도 금세기 최저	2
2026-10-07	n-rtr-0143	로이터	WHO, 아동 비만 대책으로 GLP-1 약보다 생활습관 개선 권고	1
2026-10-07	n-rtr-0144	로이터	한국, 2035년까지 1000조 원 규모 에너지 전환 계획 발표	1
2026-10-07	n-rtr-0145	로이터	케냐 인프라펀드, 3400억 실링(26억 달러) 시드 자본으로 국채 매입 개시	1
2026-10-07	n-rtr-0146	로이터	인도 NSE, 수요 몰린 해외 ETF 고평가 경고	1
2026-10-07	n-rtr-0147	로이터	메르세데스 3분기 판매 8% 감소…중국 부진 지속, 전기차는 증가	1
2026-10-07	n-rtr-0148	로이터	콜롬비아, 연기금 해외투자 상한 법령 철회	1
2026-10-07	n-rtr-0149	로이터	우드매켄지 "싱가포르, 2035년 녹색전력 수입 목표 못 채울 것"	1
2026-10-07	n-rtr-0150	로이터	독일, 중국 코스코로의 함부르크 물류회사 치펠 매각 차단	1
2026-10-07	n-rtr-0151	로이터	남아공, 배터리 저장장치·가스발전 사업 우선 추진	1
2026-10-07	n-rtr-0152	로이터	폴란드 첫 해상풍력 발틱파워, 터빈 76기 설치 완료	1
2026-10-07	n-rtr-0153	로이터	영국 PRA, 규제 적용 기준 128개를 명목 GDP에 연동하는 방안 제안	1
2026-10-07	n-rtr-0154	로이터	아커BP 노르웨이 대형 유전 사업비 증가…정부 예산안서 드러나	1
2026-10-07	n-rtr-0155	로이터	라코스테, 파리 패션쇼 앞두고 CEO 해임	1
2026-10-07	n-rtr-0156	로이터	EU 집행위, 대기업 과세로 빅테크 세금 부과 구상(FT)	1
2026-10-07	n-rtr-0157	로이터	인도 타이탄, 축제 시기 어긋나 9월 분기 귀금속 성장 둔화…주가 하락	1
2026-10-07	n-rtr-0158	로이터	일본 4대 맥주회사, 가격 담합 혐의로 공정위 압수수색	1
2026-10-07	n-rtr-0159	로이터	우간다, 단고테 정유 지분의 자국 투자자 판매 승인	1
2026-10-07	n-rtr-0160	로이터	보스턴다이내믹스, 아마존 AI 책임자 출신 로힛 프라사드 CEO 선임	1
2026-10-07	n-rtr-0161	로이터	인도 철강부, 값싼 수입 철강 추가 규제 요청 안 할 듯	1
2026-10-07	n-rtr-0162	로이터	말레이시아 2027년 예산, 총선 앞두고 생활비·재정위험 대응	1
2026-10-07	n-rtr-0163	로이터	BHP, 캄발다 니켈 선광장·광구 골드필즈에 매각	1
2026-10-07	n-rtr-0164	로이터	셰브론, 헤스 미드스트림 지분과 DJ 분지 원유 미드스트림 자산 넘겨	1
2026-10-07	n-rtr-0165	로이터	美 법원, 라디언트 관련 뉴욕연은 문서 소환 허가…펀드 측 요청 수용	1
2026-10-07	n-rtr-0166	로이터	안두릴·미 해군, 잠수함 부품 생산 확대 위해 66억 달러 공동 투자	1
2026-10-07	n-rtr-0167	로이터	美 FAA, 상업 우주발사 규제 간소화 추진	1
2026-10-07	n-rtr-0168	로이터	코로나 맥주 컨스텔레이션 브랜즈, 2분기 실적 예상 상회	1
2026-10-07	n-rtr-0169	로이터	IMF '헤지펀드 시장 영향력 커져 감독 강화 필요'	1
2026-10-07	n-rtr-0170	로이터	텍사스 법무장관, 프루트오브더룸·헤인스 아동 속옷 유해물질 조사	1
2026-10-07	n-rtr-0171	로이터	보우먼 연준 부의장 "은행 감독 책임 체계 전면 개편 계획"	1
2026-10-07	n-rtr-0172	로이터	AT&T, 블랙록 GIP·CPP인베스트먼츠와 광통신 합작사 설립	1
2026-10-07	n-rtr-0173	로이터	튀르키예 중앙은행 총재 "디스인플레이션 다시 속도…신중 기조 유지"	1
2026-10-07	n-tg-0117	텔레그램	미 EIA, 4분기 브렌트 전망 105달러로 14달러 올려…중동 수출 제한 탓	0
2026-10-07	n-tg-0118	텔레그램	난야, D램 계약가 최대 20% 추가 인상 통보…9월 매출 또 사상 최대	0
2026-10-07	n-tg-0119	텔레그램	포스코퓨처엠, 삼성SDI에 6조 원 규모 LFP 양극재 공급…2027~2032년	0
2026-10-07	n-tg-0120	텔레그램	중국 민영 정유사, 이란산 끊기자 이라크·카타르 원유 최소 1,200만 배럴 매입	0
2026-10-07	n-tg-0123	텔레그램	글로벌 아토믹, 다사 우라늄 광산 자금 공백 1억 달러…브리지론·선급금 추진	0
2026-10-07	n-tg-0126	텔레그램	일본 8월 실질임금 1.5% 올라 8개월 연속 상승…약 10년 만의 최장	0
2026-10-07	n-tg-0128	텔레그램	마이크론 대만 타오위안 노조, 찬성 99%로 파업권 확보	0
2026-10-07	n-tg-0131	텔레그램	오만만 선적 VLCC 하루 116만 달러에 계약…최근 거래보다 30만 달러 높아	0
2026-10-07	n-tg-0178	텔레그램	日 150억 달러 라피더스 반도체 승부, 고객 확보가 관건	2
2026-10-08	n-bbg-0070	블룸버그	리사 수, 대만 이어 방한…삼성·SK에 장기 협력 제안, SK HBM4 첫 채택	3
2026-10-08	n-bbg-0102	블룸버그	독일 8월 산업생산 17개월 만에 최대폭 증가…정부, 올해 성장 전망 두 배로 상향	7
2026-10-08	n-bbg-0108	블룸버그	폴란드·루마니아·세르비아 금리 동결…에너지발 물가·정치 불안에 중동부 유럽 긴축 유지	5
2026-10-08	n-bbg-0109	블룸버그	태국 중앙은행 "금리 인상 서두르지 않아"…가계부채·소비심리 부담	4
2026-10-08	n-bbg-0110	블룸버그	남아공 8월 제조업 생산 4.3% 급감…국영기업 감독위 신설·흑인우대 규정 법원서 제동	4
2026-10-08	n-bbg-0112	블룸버그	포르쉐, 판매 감소 시대 고가 전략으로 전환…최상위 모델 20% 인상·이익률 15% 목표	4
2026-10-08	n-bbg-0118	블룸버그	테스코, 상반기 영업익 6.5% 증가에 연간 전망 하단 상향…온라인 배송이 비용 압박 상쇄	3
2026-10-08	n-bbg-0120	블룸버그	그리어 '캐나다에 입장 고수'…공화당 로저스도 관세전쟁 중단 요구	3
2026-10-08	n-bbg-0136	블룸버그	미 중간선거 다가오자 AI 인기주·방산주가 최대 위험군으로	2
2026-10-08	n-bbg-0139	블룸버그	임페리얼 브랜즈, 주가 하락 뒤 15억 파운드 자사주 매입…연간 전망 유지	2
2026-10-08	n-bbg-0141	블룸버그	한국, 국내 면허 없는 외국계 은행의 해외채권 주선 금지 검토…MUFG·ANZ 등 영향	2
2026-10-08	n-bbg-0144	블룸버그	룰루레몬, 애슬레타 CEO 출신 나이키 베테랑에 제품 총괄…경영진 대개편	2
2026-10-08	n-bbg-0145	블룸버그	리바이스, 관세 환급에 연간 이익 전망 상향…직판 성장 2%로 둔화	2
2026-10-08	n-bbg-0146	블룸버그	SEC, 엑손 기후 표 대결 관련 기소 않지만 경고…"기후 연대 가입 땐 13G 자격 잃을 수도"	2
2026-10-08	n-bbg-0147	블룸버그	머크 피하주사형 키트루다, 할로자임 특허 소송 패소로 유럽 8개국 판매 금지	2
2026-10-08	n-bbg-0148	블룸버그	캐나다 웨스턴 가문, 영국 약국 체인 부츠 89억 달러에 인수…페어팩스가 지분 절반	2
2026-10-08	n-bbg-0150	블룸버그	미국, 쿠바행 연료 90건 압류하며 봉쇄 강화…태양광이 전력난 완화 대안으로	2
2026-10-08	n-bbg-0151	블룸버그	크레틴스키 인수 로열메일, 2027년까지 사무직 2,500명 감원	2
2026-10-08	n-bbg-0152	블룸버그	독일 유니퍼 매각전 가열…아폴로 입찰 가세, RWE는 KKR과 공동 입찰	2
2026-10-08	n-bbg-0158	블룸버그	네덜란드 정부, ABN암로 지분 20.7%→10.5%로 절반 축소	2
2026-10-08	n-bbg-0181	블룸버그	미시간주, 블루크로스 블루실드 반독점 제소…'건강보험 시장 65% 독점'	1
2026-10-08	n-bbg-0182	블룸버그	블랙스톤 참여한 캐나다 H&R 리츠 분할 매각, RBC·밀폰드 반대표	1
2026-10-08	n-bbg-0183	블룸버그	루비오, 리스본서 포르투갈·유럽에 대중국 의존 축소 촉구	1
2026-10-08	n-bbg-0184	블룸버그	프랑크푸르트 코메르츠방크 타워, 3.6억 유로 차환·리모델링 자금 조달 난항	1
2026-10-08	n-bbg-0185	블룸버그	車유리 수리업체 벨론, 유럽 IPO 주관사 선정…기업가치 300억 유로 넘봐	1
2026-10-08	n-bbg-0186	블룸버그	엑스박스, 영화·TV·굿즈 맡는 'XP' 사업부 신설	1
2026-10-08	n-bbg-0187	블룸버그	켄 그리핀, 마이애미 윈우드 부지 11억 달러 매입…개발사 마나에 '10억 달러 승리'	1
2026-10-08	n-bbg-0188	블룸버그	카타르 최대 은행 QNB, 아시아 은행 주도로 25억 달러 대출 조달	1
2026-10-08	n-bbg-0190	블룸버그	바레인 국채 급락에 2018년 걸프 구제금융 기억 소환	1
2026-10-08	n-bbg-0191	블룸버그	플립카트 전 임원들, 월마트에 스톡옵션 매입 요구…IPO 지연에 현금화 막혀	1
2026-10-08	n-bbg-0192	블룸버그	마다가스카르, 입찰 없이 러시아 업체서 발전기 18대 구매…친러 행보 강화	1
2026-10-08	n-bbg-0193	블룸버그	美 상원 초당적 인허가 개혁안에 환경단체 반발…"석유·빅테크에 퍼주기"	1
2026-10-08	n-bbg-0194	블룸버그	인도 대법원, 제약사 의사 리베이트 관행 점검 위원회 구성 명령	1
2026-10-08	n-bbg-0195	블룸버그	핼러도어, 메롬 석탄발전소 전력 6.9억 달러 6년 계약…선도 판매 30억 달러	1
2026-10-08	n-bbg-0196	블룸버그	코인베이스 "은행은 경쟁자이자 큰 고객"…수탁·프라임브로커리지로 은행 인프라 공략	1
2026-10-08	n-bbg-0197	블룸버그	흑해 상선 공격 잇따라…아시아 밀 수입사 선매입 축소, 해바라기유 차질	6
2026-10-08	n-bbg-0198	블룸버그	美 PBM 프라임 테라퓨틱스, 리베이트 대신 선가격 '순비용 모델' 2028년 도입	1
2026-10-08	n-bbg-0199	블룸버그	파산한 퍼스트브랜즈 형제, 재판서 서로 책임 떠넘기기 예고	1
2026-10-08	n-bbg-0200	블룸버그	아르헨티나 8월 경기 부진…2분기 역성장 이어 기술적 침체 조짐	1
2026-10-08	n-bbg-0201	블룸버그	UPS 직원 경고메일 놓쳐 F-35 부품 홍콩 경유…중국 당국 손에	1
2026-10-08	n-bbg-0202	블룸버그	허츠 채권단, 자문사 선임하며 채무 협상 대비…만기 연장 압박	1
2026-10-08	n-bbg-0203	블룸버그	캐나다, 2027년 1월 만료 앞둔 외국인 주택 구매 금지 재검토	1
2026-10-08	n-bbg-0204	블룸버그	AMC, 39.7억 달러 차입금 재조달 마무리…만기 2031·2033년으로	1
2026-10-08	n-bbg-0205	블룸버그	퍼미라 루더 "AI 초대형 IPO가 사모펀드 회수 밀어내"	1
2026-10-08	n-rtr-0025	로이터	AI 거품 경고 잇따라…싱가포르 총리 "조정 불가피", 루빈 "美 경제 위험"	5
2026-10-08	n-rtr-0035	로이터	펩시코, 북미 회복 지연·원가 부담에 연간 이익 전망 하향…비용 절감 확대	3
2026-10-08	n-rtr-0036	로이터	美 주정부, SNS 청소년 보호 소송 압박…틱톡 '가짜 안전기능' 실험·메타 변경 요구	3
2026-10-08	n-rtr-0037	로이터	美 EPA 메탄 누출 규제 폐지 추진·EU 수입 메탄 규정 1년 연기…석유·가스 부담 완화	3
2026-10-08	n-rtr-0041	로이터	테슬라 FSD 유럽 승인 속도…독일 지지·슬로바키아 승인 방침	3
2026-10-08	n-rtr-0042	로이터	인도네시아, 재정적자 3% 한도 지키려 긴축 지시…투자 유치엔 임대료 면제	3
2026-10-08	n-rtr-0043	로이터	미 대형은행 3분기 이익 최대 20% 증가 예상…금리 급등·딜 전망이 관건	2
2026-10-08	n-rtr-0044	로이터	앤트로픽, 상장 앞두고 '하이쿠 5.5' 출시…투자자들은 AI 통제 위험 값매기기 고심	2
2026-10-08	n-rtr-0045	로이터	CH로빈슨, RXO 58억 달러에 인수…美 1·3위 트럭 중개사 통합	2
2026-10-08	n-rtr-0046	로이터	헝가리, 유럽 최고 전기요금 낮추려 에너지 개편…풍력 동결 해제·저장장치 3GW	2
2026-10-08	n-rtr-0047	로이터	보다폰, 英 보다폰쓰리 비용 절감 목표 2032년 연 10억 파운드로 상향	2
2026-10-08	n-rtr-0048	로이터	LG엔솔 3분기 영업익 7560억…북미 ESS 수요로 분기 최대 매출	2
2026-10-08	n-rtr-0055	로이터	美 남부 주들, 낙태약을 '공공 방해'로 소송…FDA 안전성 검토는 내년 3월로	2
2026-10-08	n-rtr-0056	로이터	튀르키예 펀드 거품 붕괴…중앙은행 "전염 위험 없다", 청산 특별법 국회 제출 임박	2
2026-10-08	n-rtr-0057	로이터	태국 홍수 산업 피해 1억 7,800만 달러…부품사 가동 중단에 도요타·혼다 생산 차질	2
2026-10-08	n-rtr-0058	로이터	에퀴노르, 정제마진·LNG 트레이딩 호조에 3분기 마케팅 이익 가이던스 상회	2
2026-10-08	n-rtr-0059	로이터	태국 "美 무역협정 마지막 문단"…베트남도 협상 대부분 마무리	2
2026-10-08	n-rtr-0060	로이터	무디스, 사하라 이남 아프리카 국가 전망 '긍정적'으로…AU는 첫 자체 신용평가사 출범	2
2026-10-08	n-rtr-0061	로이터	과열되는 베트남 경제…은행들 70억 달러 증자 추진, 물가는 목표 웃돌아	2
2026-10-08	n-rtr-0088	로이터	싱가포르 세비오라, 산하 자산운용사 3곳 통합	1
2026-10-08	n-rtr-0089	로이터	미국 농가 부채 6,050억 달러로 사상 최대…공식 통계가 과소 집계 가능성	1
2026-10-08	n-rtr-0090	로이터	비아트리스, 비마약성 진통제 퍼시라 16억 5,000만 달러에 인수	1
2026-10-08	n-rtr-0091	로이터	아람코, 유전서비스업체 NESR과 사우디 리튬 사업 공동 개발 합의	1
2026-10-08	n-rtr-0092	로이터	이탈리아 에너지돔, 대규모 자금 유치 막바지 협상…IPO도 열어 둬	1
2026-10-08	n-rtr-0093	로이터	모로코 항공우주 수출, 50억 달러로 늘 수 있다…업계 단체 전망	1
2026-10-08	n-rtr-0094	로이터	아마존, 첫 안드로이드 태블릿 출시…가격 올리고 알렉사 탑재	1
2026-10-08	n-rtr-0095	로이터	ASML·자이스 '차세대 반도체 노광기술 하이퍼 NA, 10년 뒤에나 준비될 수도'	1
2026-10-08	n-rtr-0096	로이터	폴스타 분기 판매 소폭 증가…미국 판매 금지 임박	1
2026-10-08	n-rtr-0097	로이터	佛 나발그룹, 유럽 국방비 증가에 역내 수주 공략 강화	1
2026-10-08	n-rtr-0098	로이터	인도 GST 위원회, 세무 공무원 체포권 폐지·기소 기준 5천만 루피로 상향	1
2026-10-08	n-rtr-0099	로이터	엔비디아 투자 받은 업스케일 AI, 경쟁사 칩끼리 잇는 연결 플랫폼 출시	1
2026-10-08	n-rtr-0100	로이터	佛 크레디아그리콜, 소매금융 앞세워 독일 시장 확장 추진	1
2026-10-08	n-rtr-0101	로이터	루비오 국무장관 '미국, 지중해 해저 전력 케이블 지지'	1
2026-10-08	n-rtr-0102	로이터	전 RBA 인사 "AI 붐, 금리 올라도 호주 물가 자극할 것"	1
2026-10-08	n-rtr-0103	로이터	이탈리아, EU 지원 받아 마이크로소프트 게임 자회사 조사 착수	1
2026-10-08	n-rtr-0104	로이터	美 25% 관세 직격탄…멕시코 9월 자동차 수출 12% 급감, 생산 15% 감소	1
2026-10-08	n-rtr-0105	로이터	잠비아, 보건 협정과 분리해 미국과 광물 협정 협상 중	1
2026-10-08	n-rtr-0106	로이터	伊 검찰, 캄파리 회장 탈세 혐의 재판 회부 추진	1
2026-10-08	n-rtr-0107	로이터	유니클로 패스트리테일링, 연매출 3조9633억엔·사업이익 30% 증가	1
2026-10-08	n-rtr-0108	로이터	ECB 분슈 총재, 은행 무이자 지급준비율 인상안에 반대	1
2026-10-08	n-rtr-0109	로이터	독일 설탕업체 쥐트추커, 상반기 매출 보합에도 이익 급증·전망 상향	1
2026-10-08	n-rtr-0110	로이터	화이자, 이탈리아 시칠리아 공장서 약 330명 감원…비용 절감 이어가	1
2026-10-08	n-rtr-0111	로이터	가나 코코아위원회, 농가 수매 자금 2억8800만 달러(33억9000만 세디) 확보	1
2026-10-08	n-rtr-0112	로이터	영국 애버딘, 스탠다드라이프 지분 절반 매각해 4억3600만 파운드 확보	1
2026-10-08	n-rtr-0113	로이터	인도 부동산개발사 브리게이드, 3년간 40억 달러 넘게 투자	1
2026-10-08	n-rtr-0114	로이터	세븐&아이, 2분기 영업이익 11% 감소…일본 편의점 부진	1
2026-10-08	n-rtr-0115	로이터	미·러, 우크라이나 전쟁 중 유럽에 가스 판매 방안 모색	1
2026-10-08	n-rtr-0116	로이터	포비아 헬라, 완성차 2곳서 약 5억 유로 규모 배터리 전력 부품 '에너지코어' 수주	1
2026-10-08	n-rtr-0117	로이터	다임러트럭 3분기 판매 26% 증가…북미 트럭 51% 급증	1
2026-10-08	n-rtr-0118	로이터	미국, 미얀마 군부와 직접 대화 개시…수년간의 고립 정책 뒤집어	1
2026-10-08	n-rtr-0119	로이터	인도 결제주 하락…UPI 가맹점 수수료 도입 지연 보도 여파	1
2026-10-08	n-rtr-0120	로이터	크리스챤 디올, 새 지분구조 앞두고 이사 2명 교체	1
2026-10-08	n-rtr-0121	로이터	프라이스라인 모회사, 제휴사 호텔 광고로 FTC 제재 직면	1
2026-10-08	n-rtr-0122	로이터	美, 오로라 자율주행 트럭에 경고삼각대 규정 5년 면제	1
2026-10-08	n-rtr-0123	로이터	웨불 주가 급락…"美 하원 위원회, 중국 연계 문제 제기" CNBC 보도	1
2026-10-08	n-rtr-0124	로이터	제너럴다이내믹스, 내부 인사 대니 딥을 차기 CEO로 선임	1
2026-10-08	n-rtr-0125	로이터	레볼루트 서유럽 CEO "해킹 피해 고객 신분증 재발급 비용 보상"	1
2026-10-08	n-rtr-0126	로이터	UPS, 연말 성수기 앞두고 임시직 10만 명 채용…2년째 축소	1
2026-10-08	n-rtr-0127	로이터	질랜드·로슈 비만 신약, 2상서 체중 최대 9.2% 감량	1
2026-10-08	n-rtr-0128	로이터	소송금융업체 옴니브리지웨이, 10억 달러 자금 조달	1
2026-10-08	n-rtr-0129	로이터	미 FDA, 노바티스 두드러기약 랩시도 피부묘기증으로 적응증 확대	1
2026-10-08	n-rtr-0130	로이터	탄자니아 금광 사망 사건, 런던 금 인증기관 LBMA 상대 소송 재판 시작	1
2026-10-08	n-rtr-0131	로이터	엘리엇·시리스, 보유 기업 기가몬 20억 달러 이상에 매각 검토	1
2026-10-08	n-rtr-0132	로이터	사우디, 플라이두바이 조종실 흉기 사건 조사…유럽 CEO '점검에도 위험'	2
2026-10-08	n-rtr-0133	로이터	브라질 당국, 아메리칸항공의 아줄 1억 달러 투자 조건부 승인	1
2026-10-08	n-rtr-0134	로이터	英 바닥재 유통사 헤드램, 법정관리 들어가며 상장폐지	1
2026-10-08	n-rtr-0135	로이터	에어프로덕츠, 말레이시아 페트로나스 합작사에 LNG 냉열 공기분리설비 건설	1
2026-10-08	n-rtr-0136	로이터	佛 부품사 OP모빌리티, 2026년 목표 하향·유럽 770명 감원	1
2026-10-08	n-rtr-0137	로이터	웰스파고, 흑인 주택 보유 확대 프로그램 놓고 규제당국 조사	1
2026-10-08	n-rtr-0138	로이터	파이어플라이 로보틱스, 나스닥 직상장 신청	1
2026-10-08	n-rtr-0139	로이터	로사톰, 델로 지분 100% 확보…러시아 최대 물류그룹 탄생	1
2026-10-08	n-rtr-0140	로이터	서클8, 스리 인수 제안 기한 연장 받아	1
2026-10-08	n-rtr-0141	로이터	美 소비자금융보호국 검사관들, 압박·위협 속 검사 강도 완화	1
2026-10-08	n-rtr-0142	로이터	인도 선파마, 비전환 회사채로 최대 1,500억 루피 조달 검토	1
2026-10-08	n-tg-0105	텔레그램	산업부 '대미 원전 8기 2028년께 구체화'…웨스팅하우스 대가엔 상한	3
2026-10-08	n-tg-0122	텔레그램	AI 장비가 세계 교역 견인…WTO 성장률 3.9%로 상향, 대만 9월 수출 61% 급증	6
2026-10-08	n-tg-0133	텔레그램	IIF "9월 신흥국 주식서 192억 달러 유출"…한국 주식 매도가 주도	0
2026-10-08	n-tg-0134	텔레그램	스페이스X 5년물 CDS 190bp대로 사상 최고…400억 달러 부채 조달 여파	0
2026-10-08	n-tg-0135	텔레그램	SK하이닉스 솔리다임, 미국 IPO 주관사에 골드만·모건스탠리 선정	0
2026-10-08	n-tg-0136	텔레그램	삼성 영업익 107조·TSMC 매출 사상 최대에도 주가 하락…AI 호황 지속성 의문	3
2026-10-08	n-tg-0138	텔레그램	중국, 남는 전력·싼 땅으로 내륙 AI 데이터센터 건설 가속(FT)	0
2026-10-08	n-tg-0139	텔레그램	미 전쟁부 전략자본국, 울프스피드에 15억 달러 조건부 대출 약정	0
2026-10-08	n-tg-0153	텔레그램	미국 주도 15개 경제권 '과잉생산 대응' 성명…중국·브라질 불참, 수입 규제 확산	6
2026-10-08	n-tg-0186	텔레그램	마이크론 대만 노조 파업권 확보…19일 집회, 타이중도 22일 조정	0
2026-10-08	n-tg-0187	텔레그램	허리케인 이사야스 2등급으로 세력 키워…美 멕시코만 원유 생산 63% 중단	2
2026-10-08	n-tg-0188	텔레그램	미 오피스 CMBS 연체율 9월 12.2%…사상 두 번째, 금융위기 고점 웃돌아	0
2026-10-08	n-tg-0189	텔레그램	프랑스, 전략 비축 경유 1,000만 배럴 석 달간 방출	0
2026-10-08	n-tg-0191	텔레그램	미 PIF에너지, 20억 달러로 유조선 최대 15척 매입…호르무즈 통과 운송	0
2026-10-08	n-tg-0192	텔레그램	네비우스, 10월부터 GPU 임대료 인상…H100 17%·B300 21%	0
2026-10-08	n-tg-0193	텔레그램	미 국방부, 중부사령부에 이란 대규모 공격 재개 준비 지시(악시오스)	0
2026-10-08	n-tg-0196	텔레그램	비톨 CEO '서방에 더 꺼내 쓸 석유 재고 없다'…겨울 제품난 경고	0
2026-10-08	n-tg-0198	텔레그램	中 광칩주 급락…가격 인하설·FCC 규제설에 업체들 "들은 바 없다"	0
2026-10-08	n-tg-0199	텔레그램	씨티 "메타 Muse형 상시 에이전트로 CPU 시장 2030년 3,000억 달러"	0
2026-10-08	n-tg-0204	텔레그램	중국 국경절 출입국 1,546만 명, 6.7% 증가…본토 주민 출국 9.3%↑	0
2026-10-08	n-tg-0205	텔레그램	외국인 보유 중국 본토 주식 4조 6,600억 위안…반년 새 30% 가까이 증가	0
2026-10-08	n-tg-0206	텔레그램	TSMC 9월 매출 전년비 54.6% 증가…3분기 1조 4,942억 대만달러	0
2026-10-08	n-tg-0207	텔레그램	DA 데이비슨, 마이크론 목표가 3,000달러로…'메모리 수급난 2028년까지'	0
2026-10-08	n-tg-0208	텔레그램	크렘린 '푸틴·페제시키안, 9일 회담서 이란 NPT 탈퇴 논의할 수도'	0
2026-10-09	n-bbg-0049	블룸버그	AI 설비 빚 조달 급증에 기술기업 채권 약세…칼라일 '사모신용 쏠림' 경고	2
2026-10-09	n-bbg-0052	블룸버그	연준 의사록 '대다수 연내 추가 인상'…시장은 10월 동결·12월 인상 무게	7
2026-10-09	n-bbg-0077	블룸버그	원유 완충재고 바닥 경고…中 연료유 18% 급등, 사우디·UAE 비축 동참	15
2026-10-09	n-bbg-0082	블룸버그	일본 가계지출 9개월째 감소에도 일은 '물가 압력 확산'…금리 인상 신호 이어져	14
2026-10-09	n-bbg-0085	블룸버그	칠레 센티넬라 구리광산 파업 돌입…공급 우려·중국 복귀에 구리값 주간 상승	4
2026-10-09	n-bbg-0103	블룸버그	스페이스X, 800MHz 저대역 주파수 확보…스타링크 모바일로 美 통신사 정면 도전	6
2026-10-09	n-bbg-0104	블룸버그	ECB 의사록 '비례적 인상'에 단기 추가 인상 기대 후퇴…슈나벨 후임 후보 28일 마감	12
2026-10-09	n-bbg-0106	블룸버그	파라마운트, 워너 인수 완료…엘리슨 170억 달러 투입, 채권 보호장치는 부족	5
2026-10-09	n-bbg-0107	블룸버그	에너지발 물가 반등에 중남미 금리 엇갈려…페루 깜짝 동결, 우루과이 6%로 인상	5
2026-10-09	n-bbg-0111	블룸버그	프랑스 10년물 금리 2002년 이후 최고…유로 5주째 약세, ECB는 선 긋기	21
2026-10-09	n-bbg-0113	블룸버그	TCS 2분기 순이익 15% 늘었지만…인도 IT, 지정학·AI 탓 4년째 저성장 전망	3
2026-10-09	n-bbg-0114	블룸버그	토픽스 사상 최대 개편에 683개 종목 퇴출…일본 IPO는 14년 만의 최저	3
2026-10-09	n-bbg-0115	블룸버그	AI 서버 부품 공급난 심화…루멘텀 2029년까지 매진, 베시는 메모리 병목 우려에 급락	2
2026-10-09	n-bbg-0116	블룸버그	사모신용 환매 압박 속 아폴로 350억 달러 거래…英 FCA 90일 환매 예고 제안	9
2026-10-09	n-bbg-0117	블룸버그	미 신규 실업수당 청구 19만7000건, 7월 이후 최저…해고는 여전히 적어	3
2026-10-09	n-bbg-0121	블룸버그	비트코인 8만3천 달러대 급락, 5억5천만 달러 청산…그리스는 코인 차익 10% 과세	3
2026-10-09	n-bbg-0122	블룸버그	인도 최대 지오 IPO 로드쇼…암바니 후계자들 투자자 질문 공세	2
2026-10-09	n-bbg-0123	블룸버그	글렌코어, 14일 호주 증시 2차 상장…'전기화 수요에 투자자 관심 강해'	2
2026-10-09	n-bbg-0124	블룸버그	포테스큐, 中 CMRG 분쟁에 판매 차질…철광석은 공급 과잉·수요 부진에 주간 하락	2
2026-10-09	n-bbg-0125	블룸버그	PAG, 헝다 물업 지분 인수 위해 청산인과 독점 협상	2
2026-10-09	n-bbg-0126	블룸버그	부진한 필리핀 국채, 페소·물가 위험 속 국제 가격 관행 도입해 외국인 유치	2
2026-10-09	n-bbg-0127	블룸버그	니덱, 감사의견 거절 속 오아시스 "비상장 전환 검토하라"…주가 11개월 저점	2
2026-10-09	n-bbg-0129	블룸버그	메타, 7개국서 바이트댄스·틱톡 광고 금지…경쟁사 광고 차단	2
2026-10-09	n-bbg-0130	블룸버그	애플, M&A 책임자에 내부 출신 스티브 스미스…페리카는 서비스 부문으로	2
2026-10-09	n-bbg-0131	블룸버그	레볼루트 CEO "상장하면 미국 1차 상장"…기업가치 1150억 달러 런던 이탈 신호	2
2026-10-09	n-bbg-0132	블룸버그	인도 SEBI, 거래 기록 넘기며 제인스트리트에 답변 압박…조사 지연 공방	2
2026-10-09	n-bbg-0133	블룸버그	美, 마이크로소프트·인도 IT기업 영주권 노동인증서 신청 중단…'제도 남용' 제재	2
2026-10-09	n-bbg-0134	블룸버그	스타벅스, 시총 390억 달러 치폴레 인수 검토…성사 땐 외식업 사상 최대	2
2026-10-09	n-bbg-0135	블룸버그	영국 총리 '독일 GCAP 전투기 합류 열려 있다'…FCAS 무산 뒤 유럽 전투기 판 재편	2
2026-10-09	n-bbg-0137	블룸버그	데본, 이글포드 셰일 자산 42억 달러에 크레센트에 매각…자사주 매입·부채 감축	2
2026-10-09	n-bbg-0138	블룸버그	홍콩 당국, '계속기업 의견거절' 상장사 거래정지 검토…부실기업 규제 강화	2
2026-10-09	n-bbg-0140	블룸버그	중동발 유가 충격에 아시아 전기차 전환 가속…필리핀 판매 2배, 파키스탄 목표 앞당겨	2
2026-10-09	n-bbg-0142	블룸버그	엔비디아 투자 호주 Firmus, 50억 달러 IPO 철회…협력사 마스 거래정지	2
2026-10-09	n-bbg-0143	블룸버그	베이조스 '블루 오리진, 수년 안에 IPO 타당'…100억 달러 유치 뒤 언급	2
2026-10-09	n-bbg-0160	블룸버그	에티오피아·에리트레아 단교·충돌 위기…홍해 해운에 또 다른 위협	1
2026-10-09	n-bbg-0161	블룸버그	우즈베크 핀테크 우줌, 국내 최대 회사채 발행사 된 뒤 유로본드 데뷔 추진	1
2026-10-09	n-bbg-0162	블룸버그	에어텔 머니, 런던 5년 만의 최대급 IPO로 53억 파운드 몸값에 상장	1
2026-10-09	n-bbg-0163	블룸버그	호주, LNG 수출량 20% 국내 공급 의무화 최종안 공개 예정	1
2026-10-09	n-bbg-0164	블룸버그	에코뱅크, 위안화 결제 도입…아프리카·중국 교역 겨냥	1
2026-10-09	n-bbg-0165	블룸버그	샤오미, 새 SUV '스카이노매드' 첫 달 확정 주문 7만 대에 주가 최대 9% 급등	1
2026-10-09	n-bbg-0167	블룸버그	휴매나, 최대 메디케어 계약 별점 4개로 상향…주가 급등	1
2026-10-09	n-bbg-0168	블룸버그	라마스와미의 원전 스타트업 아틀라스 아토믹스, 기업가치 19억 달러로 4억 달러 조달	1
2026-10-09	n-bbg-0169	블룸버그	美 국제무역법원, 관세 환급 집단소송 인정…소송 안 낸 수입업체까지 환급 길 열려	1
2026-10-09	n-bbg-0170	블룸버그	테일러팜스, 사이클로스포라 사태에 멕시코산 양상추 여름철 수확 무기한 중단	1
2026-10-09	n-bbg-0171	블룸버그	킨더모건, 미·멕시코 가스관 불가항력 해제…멕시코행 가스 5분의 1 줄었다 복구	1
2026-10-09	n-bbg-0172	블룸버그	美 재무부 ETF 절세 경고…351 전환은 겨냥, 핵심 ETF 기법은 그대로	1
2026-10-09	n-bbg-0173	블룸버그	아프리카 연료 유통사 오릭스 에너지스, 약 10억 달러에 경영진 인수	1
2026-10-09	n-bbg-0174	블룸버그	미 제재 대상 재벌 타그와이레이, 짐바브웨 경제개발·투자장관 임명	1
2026-10-09	n-bbg-0175	블룸버그	PG&E, 강풍·산불 위험에 주말 예방 단전 경고…캘리포니아 북부 대상	1
2026-10-09	n-bbg-0176	블룸버그	美 FTC, 계좌 동결 민원 1,500건 넘자 블록 조사…법원에 자료 제출 명령 요청	1
2026-10-09	n-bbg-0177	블룸버그	CBO 국장 '성장만으로 미 부채 안정 어려워…5~6% 성장 필요'	1
2026-10-09	n-bbg-0178	블룸버그	칼라일의 루코일 해외자산 인수 계약 만료…美 OFAC 승인 못 받아	1
2026-10-09	n-bbg-0179	블룸버그	화웨이·JAC 마에스트로, 브레이크 페달 파손 시험에 부품 재설계…JAC 주가 하한가	1
2026-10-09	n-bbg-0180	블룸버그	우버 철수 한 달 만에…차량금융 무브, 창업지 나이지리아 떠나	1
2026-10-09	n-rtr-0014	로이터	트럼프 '중간선거 전 이란 공격 없다'…봉쇄·제재는 유지	12
2026-10-09	n-rtr-0021	로이터	아프리카 중앙은행들 물가 경계…케냐 8.75% 동결, 가나 물가 5.2%로 두 달째 상승	8
2026-10-09	n-rtr-0022	로이터	IMF, 파키스탄과 12억 달러 실무합의…파푸아뉴기니·말라위·세네갈도 지원·채무조정 협상	7
2026-10-09	n-rtr-0023	로이터	USA투데이, 오픈AI에 2.5억 달러 저작권 소송…AI 챗봇 책임·딥페이크 규제 확산	7
2026-10-09	n-rtr-0024	로이터	플라비우 보우소나루 약진에 브라질 자산 랠리…재무장관 후보·감세 재검토 거론	5
2026-10-09	n-rtr-0027	로이터	AI 앞세운 감원 확산…FICO 15% 감축, HSBC 자산관리·아마존 소매 인력도 줄여	5
2026-10-09	n-rtr-0028	로이터	바이오 상장 잇따라…이암빅 최대 8억 달러 몸값, 티렉스 1억1,670만 달러 조달	4
2026-10-09	n-rtr-0029	로이터	관측 사상 최강 엘니뇨 온다…내년 2월까지 지속, 인도 설탕 생산 전망 하향	4
2026-10-09	n-rtr-0030	로이터	EU 집행위, 이탈리아·그리스 재정준칙 추가 유연성 요구에 '재정 신중' 제동	4
2026-10-09	n-rtr-0031	로이터	칼시, 주가지수·원유 무기한 선물로 상품 확대…NFL은 대법원에 주 규제 인정 요청	4
2026-10-09	n-rtr-0032	로이터	항공유 고공행진에 항공사 압박…라이언에어 '2028년까지 고비용', 제트블루 채권 부실	4
2026-10-09	n-rtr-0033	로이터	베네수엘라산 원유 인도 수입 7년 만에 최대…미 업체 복귀 속 볼리바르는 급락	6
2026-10-09	n-rtr-0034	로이터	EU 1646건·英 38건 대러 제재 추가…그림자 선단·우회 결제망 겨냥	3
2026-10-09	n-rtr-0038	로이터	루비오 "우크라戰 위험한 교착"…위트코프·쿠슈너, 마이애미서 우크라와 협상	3
2026-10-09	n-rtr-0039	로이터	유럽·호주로 미국 무기 수출 잇따라…그리스 최대 40억 달러, 호주 토마호크 3억 달러	3
2026-10-09	n-rtr-0040	로이터	앵글로아메리칸 'EU가 MMG 니켈 매각 막으면 브라질 니켈 사업 폐쇄'	3
2026-10-09	n-rtr-0050	로이터	美 명품 카드 지출 석 달째 감소…中 역외신탁 세무 단속까지 명품업계 이중고	2
2026-10-09	n-rtr-0051	로이터	美, 중국 시험소 전자기기 인증 배제 표결·中 해킹업체 인프라 차단	2
2026-10-09	n-rtr-0052	로이터	케네디 美 보건장관, 백신 부작용 연구 추진…법원은 백신자문위 임명 차단 심리	2
2026-10-09	n-rtr-0053	로이터	에어버스 9월 72대 인도…연 870대 목표엔 4분기 323대 필요	2
2026-10-09	n-rtr-0054	로이터	이탈리아 은행 쟁탈전 격화…칼타지로네 MPS 방어안 반대, 제네랄리는 방카제네랄리 인수설	2
2026-10-09	n-rtr-0062	로이터	싱가포르, 성장 호조·물가 위험에 14일 세 번째 통화 긴축 나설 듯	1
2026-10-09	n-rtr-0063	로이터	이재명 대통령, 극초음속 미사일 시험 발사 참관	1
2026-10-09	n-rtr-0064	로이터	코카콜라, 51억 달러에 산 코스타 커피 매각 재추진	1
2026-10-09	n-rtr-0065	로이터	맥도날드, AI 가격 추천 도구로 가맹점 가격 담합 혐의 집단소송 피소	1
2026-10-09	n-rtr-0066	로이터	아멕스 은행, 자금세탁 방지 부실로 3억 5,000만 달러 벌금…10년간 130억 달러 의심 거래	1
2026-10-09	n-rtr-0067	로이터	콜롬비아 '쯔진, 투자자 모집하며 광산 보안 위험 축소'	1
2026-10-09	n-rtr-0068	로이터	사우스웨스트, 보잉 787로 장거리 국제선 진출 검토	1
2026-10-09	n-rtr-0069	로이터	구글, 파산 스피릿항공 내부 데이터 AI 학습용 인수…의원 100여 명 제동	1
2026-10-09	n-rtr-0070	로이터	EU, 킹스팬에 4천만 유로 벌금…슬로베니아 트리모 인수 심사 때 허위 자료	1
2026-10-09	n-rtr-0071	로이터	KKR 보유 음료 위탁생산사 레프레스코, 기업가치 100억 달러 이상 IPO 검토	1
2026-10-09	n-rtr-0072	로이터	英 온라인 의류업체 아소스, 해킹으로 일부 고객 개인정보 유출	1
2026-10-09	n-rtr-0073	로이터	RTX 레이시온, 최대 63억 달러 규모 미국 SM-3 미사일 계약 수주	1
2026-10-09	n-rtr-0074	로이터	아젠엑스, 쇼그렌증후군 비브가트 임상 중단…주가 급락	1
2026-10-09	n-rtr-0075	로이터	중재재판부 '벤처글로벌, 갈프와의 LNG 공급 계약 위반'	1
2026-10-09	n-rtr-0076	로이터	英 법원, 160만 명 디젤 배출가스 소송 항소 불허…벤츠·포드 등 車업체 유리	1
2026-10-09	n-rtr-0077	로이터	딜로이트, 영국 교통운영사 고어헤드 그룹 감사 부실로 605만 파운드 벌금	1
2026-10-09	n-rtr-0078	로이터	악조노벨·액설타 합병, EU 반독점 조건부 승인 전망	1
2026-10-09	n-rtr-0079	로이터	모로코·이스라엘 합작 방산업체 MMI, 2027년 3월 포탑 첫 납품 목표	1
2026-10-09	n-rtr-0080	로이터	글라우코스, 원추각막 치료제 에피옥사 1회 시술 3년 효과 유지 확인	1
2026-10-09	n-rtr-0081	로이터	FDA, 뉴론 조현병 신약 임상 보류 이유로 사망 4건 지목	1
2026-10-09	n-rtr-0082	로이터	나이지리아, 연료비 변동 줄이려 휘발유 공급원가 상한제 제안	1
2026-10-09	n-rtr-0083	로이터	트레비 "웨빌드 상향 인수가는 적정가치 범위 하단"	1
2026-10-09	n-rtr-0084	로이터	아우디 CEO, 폐쇄 위기 네카르줄름 공장 노동자에 '실행 가능한 해법 필요'	1
2026-10-09	n-rtr-0085	로이터	보스턴사이언티픽, 심장 시술 도구 특허 침해로 J&J 자회사 제소	1
2026-10-09	n-rtr-0086	로이터	덴마크 '러시아가 자국 방산업체에 사보타주 공격'	1
2026-10-09	n-rtr-0087	로이터	쿠팡, 개인정보 유출 과징금 4억6,200만 달러(약 6,200억 원) 불복 소송	1
2026-10-09	n-tg-0121	텔레그램	우크라 드론, 러 볼고그라드 정유소 멈춘 뒤 얀덱스 데이터센터까지 타격	6
2026-10-09	n-tg-0124	텔레그램	中 23개월째 금 매입 속 인도, 은행 금 수입 3% 세금 면제 폐지	7
2026-10-09	n-tg-0125	텔레그램	인도 금리 인상에도 루피 사상 최저 근접…RBI 추가 긴축 신호, 외환보유액 감소	18
2026-10-09	n-tg-0132	텔레그램	중국, EU 하이브리드차 수출 자율제한 거부…파리모터쇼엔 20여 개 브랜드	11
2026-10-09	n-tg-0140	텔레그램	美 30년물 금리 2002년 이후 최고…모기지 7.49%, 장기채 매도 지속	21
2026-10-09	n-tg-0149	텔레그램	오픈AI 연말 매출 700억 달러 목표…FT '9월 실적은 200억 달러 적어'	3
2026-10-09	n-tg-0157	텔레그램	호르무즈 유조선 공격 개전 후 주간 최다…통항 두 달來 최저, 운임 급등	21
2026-10-09	n-tg-0159	텔레그램	LNG 현물가 작년 두 배 속 카타르 복구 채비…NFE 첫 트레인 11월 준비	6
2026-10-09	n-tg-0166	텔레그램	후티 공항 공격에 사우디, 메카 방위협정 발동해 반격…튀르키예 지원	14
2026-10-09	n-tg-0182	텔레그램	샌프란시스코·오클랜드 데이터센터 45일 중단…골드만 '내년 전력 17GW↑'	9
2026-10-09	n-tg-0201	텔레그램	英 국채금리 19년 만에 최고…FT '이란 전쟁, 재정에 120억 파운드 구멍'	19
