n-bbg-0049	R	2026-10-01	macro	0	칼라일 "AI 구축에 사모신용 1조 달러 필요…쏠림 위험" 경고	칼라일이 백서에서 AI 연산 설비 구축에 사모신용 약 1조 달러가 필요할 수 있다고 추정하면서, 대출이 소수의 대형 거래 상대방에 몰려 소프트웨어 대출 때와 같은 집중 위험이 되풀이될 수 있다고 대
n-bbg-0050	U	2026-10-01	macro	0	그리어 '미·중 무역위원회 관세 인하, 아직 일정 없다'…법적 절차 남아	그리어 미 무역대표가 미·중 무역위원회를 통한 관세 인하에 아직 시행 일정이 없고 법적 절차를 먼저 거쳐야 한다고 밝히면서, 정상회담에서 합의한 약 600억 달러어치 품목의 관세 인하 시점이 불투명
n-bbg-0051	R	2026-10-01	macro	0	미 당국자들 "엔비디아, 중국행 칩 밀수 경고 신호 놓쳤다"	미국 당국자들이 엔비디아가 AI 칩의 중국 밀반입을 막는 데 충분히 나서지 않는다고 지적하고 법무부가 3억 달러어치 칩 밀수 혐의자를 체포하면서, 동남아를 거치는 엔비디아 서버 판매에 대한 수출 통
n-bbg-0052	U	2026-10-01	macro	0	트럼프 '내가 워시였다면 인상에 반대표'…책임은 연준 이사회로 돌려	트럼프 대통령이 타임 인터뷰에서 워시 연준 의장이 9월 금리 인상에 반대표를 던졌어야 했다고 말하면서도 책임은 이사회에 돌리면서, 연내 한 번 더 인상을 예고한 연준에 대한 백악관의 공개 압박이 이
n-bbg-0053	R	2026-10-01	macro	0	TSMC, 텍사스에 수백억 달러 규모 AI 칩 공장 단지 검토	TSMC가 텍사스에 공장 하나당 200억 달러 이상이 드는 반도체 공장 단지를 짓는 방안을 검토하면서, 애리조나에 이어 미국 내 첨단 칩 생산능력이 더 늘 수 있지만 연말이 착공 시한인 35% 세액
n-bbg-0054	U	2026-10-02	uranium	0	미 에너지부, 비스트라 원전 3곳 개보수·출력 증강에 최대 42억 달러 대출 약정	미국 에너지부가 비스트라에 최대 42억 달러의 조건부 대출을 약정해 오하이오·펜실베이니아 원전 3곳의 개보수와 출력 증강을 지원하면서, 기존 원전 약 4GW의 운전 기간이 20년 늘고 433MW의 
n-bbg-0055	U	2026-10-02	macro	0	유로존 9월 물가 3.8%로 3년 만의 최고…에너지 18.8% 급등	유로존의 9월 소비자물가 상승률이 에너지 가격 18.8% 급등 탓에 8월 3.2%에서 3.8%로 뛰어 3년 만의 최고를 기록하면서, 올해 이미 두 차례 금리를 올린 유럽중앙은행이 추가 인상에 나설 
n-bbg-0056	U	2026-10-02	power	0	남아공, 첫 민간 송전망 입찰 6개월 연기…10억 달러 사업 2027년으로	남아공 전력에너지부와 재무부가 민간이 짓는 첫 송전선 사업(1,164km, 약 10억 달러)의 최종 입찰 공고를 2026년 3분기에서 2027년 2분기로 미루면서, 남아공의 송전망 확충 일정이 반년
n-bbg-0057	U	2026-10-02	gas,macro	0	트럼프 "한국, 알래스카 LNG 서명 안 하면 관세 두 배"	트럼프 대통령이 한국이 500억 달러 규모 알래스카 LNG 사업 투자에 곧 서명하지 않으면 관세를 두 배로 올리겠다고 위협하면서, 투자가 확정되지 않았다는 입장인 한국 정부의 협상 부담이 커졌다
n-bbg-0058	U	2026-10-02	macro	0	트럼프 '경유 수출 금지 안 한다'…G7 비축유 1억 배럴 방출 합의 뒤	G7이 비축유 1억 배럴을 4개월간 풀고 첫 20일에 경유를 앞당겨 방출하기로 하자 트럼프가 경유 수출 금지를 하지 않겠다고 밝히면서, 유럽 경유 정제마진이 배럴당 85달러에서 약 70달러로 내려왔
n-bbg-0059	U	2026-10-02	macro	0	미 9월 고용 2만 9,000명 증가에 그쳐…7·8월도 6만 명 하향	미국의 9월 비농업 일자리가 2만 9,000명 늘어나는 데 그치고 7·8월 수치도 합쳐 6만 명 낮춰지면서, 물가를 이유로 금리를 올리고 있는 연준이 고용 둔화까지 함께 따져야 하는 부담이 커질 수
n-bbg-0060	U	2026-10-03	petchem	0	세계 경유난에 힘 받는 페트로브라스 정유 증설 구상…브라질 대선이 변수	세계적인 경유 부족으로 수입 의존 부담이 커지자 브라질 페트로브라스가 경유 자급을 위한 정유 증설을 2027~2031년 계획에 넣으려 하면서, 국내 수요의 약 30%를 채우는 미국산 중심의 수입 경
n-bbg-0061	U	2026-10-04	macro	0	OPEC+ 7개국, 11월 생산 목표 동결…두 달째 하루 3,100만 배럴 유지	사우디·러시아 등 OPEC+ 7개국이 11월 생산 목표를 하루 약 3,100만 배럴로 두 달째 동결했는데, 전쟁 탓에 회원국 대부분이 이미 목표보다 적게 생산하고 있어 이번 결정이 실제 공급을 바꾸
n-bbg-0062	U	2026-10-05	gas	0	호르무즈 LNG 통과 회복세 이어져…그래도 전쟁 전보다 75% 넘게 적어	카타르·UAE의 LNG선이 피격 위험 속에도 호르무즈를 계속 빠져나와 9월 통과 화물이 전쟁 이후 최대인 21척으로 늘었지만, 전쟁 전 하루 3척에 견주면 75% 넘게 적어 세계 LNG 수급을 풀기
n-bbg-0063	R	2026-10-05	coal,power	0	인도 야간 전력 부족 5.8GW로 확대…풍력 급감에 수력 부진 겹쳐	인도에서 10월 3일 밤 전력 부족이 5.8GW까지 벌어졌는데, 풍력 출력이 3분의 1 가까이 줄고 수력도 부진해 수요가 5월 최고치보다 낮은데도 공급이 모자랐으며, 그 공백을 메워야 하는 석탄발전
n-bbg-0064	R	2026-10-05	macro	0	JP모건, 볼타의 50억 달러 AI 대출을 연 11% 수익률로 판매	JP모건이 신생 AI 클라우드 업체 볼타의 무등급 대출 50억 달러를 연 11% 안팎 수익률로 팔면서, 앤트로픽이 6년간 쓰기로 한 노르웨이 데이터센터의 엔비디아 GPU 3만 6,000개 구매 자금
n-bbg-0065	U	2026-10-05	macro	0	쿠웨이트 원유 생산 하루 200만 배럴…전쟁 전의 약 75% 수준	쿠웨이트석유공사 CEO가 원유 생산이 하루 약 200만 배럴로 전쟁 전(약 260만 배럴)의 75% 수준이라고 밝히면서, 호르무즈를 지나는 유조선이 늘어도 걸프 산유국의 생산 회복은 아직 덜 끝났음
n-bbg-0066	U	2026-10-05	macro	0	사우디, 11월 아시아행 원유값 6년 만의 최저로…기준유보다 5달러 할인	사우디 아람코가 11월 아시아행 아랍 라이트 가격을 전달보다 배럴당 3달러 내려 기준유 대비 5달러 할인(6년 만의 최저)으로 정하면서, 배럴당 약 33달러까지 뛴 운임을 떠안는 아시아 정유사의 원
n-bbg-0067	U	2026-10-05	petchem	0	미국령 세인트크로이 정유소, 2027년 재가동 추진…원유 공급·제품 구매처 확보	2021년에 멈춘 미국령 버진아일랜드 세인트크로이 정유소의 소유주 포트해밀턴이 원유 공급과 제품 구매를 맡을 상대를 확보하고 2027년 재가동을 추진하면서, 하루 20만 배럴 넘는 정제 능력이 연료
n-bbg-0068	U	2026-10-05	macro	0	미 30년물 국채 금리 5.7% 근접, 2002년 이후 최고…장기채 매도 지속	미국 장기 국채 매도가 이어져 10월 5일 30년물 금리가 2002년 이후 가장 높은 5.66%, 10년물이 5.31%까지 오르면서, 30년 주택담보대출 금리도 3년 만의 최고로 올라 주택 대출 신
n-bbg-0069	U	2026-10-05	petchem	0	트럼프, 면세 적색 경유의 도로 사용을 연말까지 허용하는 행정명령 서명	트럼프 대통령이 농기계용 면세 적색 경유를 연말까지 도로 주행에도 쓸 수 있게 하는 행정명령에 서명하면서 트럭 운전자의 세금 부담은 줄지만, 경유 공급이 늘지는 않아 농가가 쓰는 경유 값이 오를 수
n-bbg-0070	R	2026-10-06	macro	0	AMD 리사 수 "AI 칩 수요 예상 초과"…생산능력 계획 3~5년 앞까지	AMD 리사 수 CEO가 대만을 찾아 AI용 CPU·GPU 수요가 예상을 넘는다며 2027년 공급을 크게 늘리겠다고 밝히면서, TSMC와 패키징·기판 협력사가 증설에 나서고 생산능력 계획 기간이 1
n-bbg-0071	R	2026-10-06	uranium,power	0	블루 에너지, 텍사스 전력망에 소형원전 첫 연결 신청…300MW급 최대 5기	블루 에너지가 텍사스 전력망 운영기관에 소형원전으로는 처음으로 300MW급 최대 5기(1.5GW)의 계통 연결을 신청하면서, 데이터센터용 '가스 먼저, 원전 나중' 발전소가 원자력 인허가에 이어 전
n-bbg-0072	U	2026-10-07T15:09	uranium	2	구글–콘스텔레이션 원전 출력 890MW 증강 계약에 호주 우라늄주 급등	구글이 콘스텔레이션과 20년 전력구매계약을 맺어 원자로 11기 출력을 890MW 늘리는 투자를 뒷받침하자, 기존 원전의 가동·증강 수요가 커질 것이라는 기대에 호주 우라늄 채굴주가 일제히 올랐다
n-bbg-0073	R	2026-10-06	macro	0	걸프 원유 수출 전쟁 전의 91%까지 회복…선박 피격 잇따라 유가 100달러 안팎	걸프 산유국의 9월 원유 수출이 전쟁 전의 91%까지 회복됐지만 석유제품 수출은 60%에 그치고 10월 들어 호르무즈 인근 선박 사건이 9건 보고되면서, 브렌트유는 배럴당 100달러 안팎에서 더 내
n-bbg-0074	R	2026-10-06	macro	0	미 하원 중국특위 위원장, 연준에 홍콩의 달러 유동성 창구 이용 재검토 요구	미 하원 중국특위 물레나 위원장이 워시 연준 의장에게 홍콩금융관리국의 FIMA 레포 창구(미 국채를 맡기고 달러를 빌리는 장치) 이용 자격을 재검토하라는 서한을 보내면서, 홍콩의 비상 달러 조달 경
n-bbg-0075	U	2026-10-06	jpins,macro	0	일본 10년물 국채 입찰, 표면금리 3.1%에 응찰 3.76배로 수요 견조	일본 재무성의 10월 6일 10년물 국채 입찰에서 표면금리가 3.1%로 오르자 응찰이 낙찰액의 약 3.76배(9월 3.29배)로 늘면서, 3%를 넘은 금리 수준에서는 매수 수요가 받쳐 준다는 점이 
n-bbg-0076	R	2026-10-06	power	0	LS파워, 6호 펀드 60억 달러로 마감…목표 40억 달러 크게 웃돌아	미국 발전·송전 투자사 LS파워가 목표 40억 달러를 크게 넘는 약 60억 달러 규모의 6호 펀드를 마감하면서, 연기금·국부펀드 자금 가운데 약 17억 달러가 콘스텔레이션의 5GW 가스발전 자산 인
n-bbg-0077	R	2026-10-06	macro	0	아람코 CEO '공급 완충 무서울 만큼 얇다'…재고 복구에 최대 2년	아람코 CEO가 런던 에너지 포럼에서 세계 석유 공급의 완충이 무서울 만큼 얇고 호르무즈가 열려도 재고를 다시 채우는 데 최대 2년이 걸린다고 경고하면서, 통항이 회복돼도 유가가 전쟁 전 수준으로 
n-bbg-0078	R	2026-10-06	macro	0	러시아 9월 석유·가스 세수 22% 감소…정유 보조금 3,055억 루블로 급증	러시아의 9월 석유·가스 세수가 고유가에도 4,524억 루블로 1년 전보다 22% 줄었는데, 정유사 보조금이 3,055억 루블로 불어나고 경유 수출 금지가 이어지면서 유가 상승이 재정으로 이어지지 
n-bbg-0079	R	2026-10-06	macro	0	씨게이트·도시바, TDK의 HDD 자기헤드 사업 인수 경쟁	TDK가 수익성이 낮은 HDD 자기헤드 사업 매각을 검토하는 가운데 도시바에 이어 씨게이트가 더 높은 가격으로 인수전에 뛰어들면서, 유일한 독립 헤드 공급원을 누가 갖느냐에 따라 HDD 3사의 부품
n-bbg-0080	R	2026-10-06	macro	0	스페이스X, 엔비디아 칩 사려고 400억 달러 부채 조달 추진	스페이스X가 엔비디아 AI 칩을 사기 위해 아폴로 주도로 은행 대출 약 100억 달러와 투자등급 채권 300억 달러 등 400억 달러 조달을 추진하면서, AI 칩 구매 자금을 사모신용과 채권시장 투
n-bbg-0081	R	2026-10-06	power	0	트라피구라 등, 잠비아–콩고 구리벨트 송전선에 3억 달러…최대 550MW 수입 길	트라피구라·그리드웍스·콩고 전략투자기금이 잠비아 칼룸빌라와 콩고 콜웨지를 잇는 200km 송전선(건설비 약 3억 달러)을 짓기로 하면서, 전력이 1GW 넘게 모자란 구리벨트 광산에 최대 550MW를
n-bbg-0082	U	2026-10-09T12:19	macro	14	일본 가계지출 9개월째 감소에도 일은 '물가 압력 확산'…금리 인상 신호 이어져	우에다 총재에 이어 사토 위원도 추가 인상 지지를 내비치고 일본은행이 물가 압력 확산을 짚었지만, 8월 가계지출이 3.1% 줄어 9개월째 감소하면서 10월 30일 회의를 앞두고 인상 근거와 소비 부
n-bbg-0083	U	2026-10-06	gas	0	벤처글로벌, 페트로차이나 등 중국 3곳 이상과 LNG 장기 공급 협상	미국 벤처글로벌이 페트로차이나 등 중국 수입사 3곳 이상과 LNG 장기 공급을 협의하면서, 카타르 물량이 막힌 중국 구매자들이 현물 대신 미국산 장기 계약으로 조달처를 옮길 수 있다
n-bbg-0084	R	2026-10-06	power,gas	0	베트남 LNG 발전 확대 계획 크게 지연…18개 사업 중 1곳만 일정 맞출 듯	베트남 정부가 2030년까지 LNG 발전소 15곳 22.5GW를 가동하려 하지만 점검 대상 18개 사업 중 히엡프억 1곳만 일정을 맞출 수 있는 것으로 파악되면서, 전력 공급 확충과 LNG 수입 수
n-bbg-0085	U	2026-10-09T11:37	metals	4	칠레 센티넬라 구리광산 파업 돌입…공급 우려·중국 복귀에 구리값 주간 상승	안토파가스타 칠레 센티넬라 광산 노조 약 700명이 정부 중재 결렬 뒤 10월 7일 파업에 들어가 채굴·운반이 차질을 빚으면서, 중국 연휴 뒤 재고 확충 기대와 맞물려 LME 구리값이 톤당 1만46
n-bbg-0086	U	2026-10-07	coal	0	호주 최고법원 "탄광 승인 때 수출탄 연소 배출도 따져야"…탄광 확장 제동	호주 최고법원이 3대 2로 탄광을 승인할 때 수출된 석탄이 해외에서 탈 때 나오는 배출까지 따져야 한다고 판결하면서, 4억 4,400만 톤을 더 캐려던 마운트플레전트 확장을 비롯한 신규 석탄 사업의
n-bbg-0087	U	2026-10-07	petchem	0	브라스켐 채권단, 구조조정안에 반발…10월 9일 합의 시한 앞두고 교착	남미 최대 석유화학사 브라스켐의 채권단이 109억 달러 채무 조정안에 반발하며 대주주의 자본 투입을 요구하면서, 10월 9일로 잡힌 주요 조건 합의 시한을 넘기면 법정 회생으로 갈 가능성이 커질 수
n-bbg-0088	R	2026-10-07	macro	0	브로드컴, 오픈AI 맞춤형 칩 자금 500억 달러 이상 조달 추진	브로드컴이 오픈AI 맞춤형 AI 칩 대금을 대려고 아폴로·블랙스톤과 500억 달러가 넘는 사모 대출을 협의하면서, 자금력이 부족한 AI 기업의 칩 구매를 칩 공급사와 사모신용이 대신 떠받치는 거래가
n-bbg-0089	U	2026-10-07	gas	0	에퀴노르, 함메르페스트 LNG 개조 비용 265억 크로네로 또 상향	에퀴노르가 노르웨이 함메르페스트 LNG 공장 개조(스뇌비트 퓨처) 사업비를 2022년 계획의 약 두 배인 265억 크로네로 다시 올리면서, 합작사들의 비용 부담이 커졌지만 2029~2030년 가동 
n-bbg-0090	R	2026-10-07	macro	0	연준 9월 의사록, 12대 0 인상…'대부분 연내 한 번 더 인상 적절'	연준 위원 전원이 9월 0.25%p 인상에 찬성했고 대부분이 연말까지 한 번 더 올리는 것이 적절하다고 본 사실이 의사록으로 확인되면서, 3.75~4.00%인 기준금리가 연내 추가로 오를 가능성이 
n-bbg-0091	R	2026-10-07	power	0	독일 경제에너지부, 풍력·태양광 산업 전담 부서 해체…재생에너지 약화 논란	독일 경제에너지부가 에너지 전환에 중요한 조직으로 꼽히던 풍력·태양광 산업 전담 부서를 없애기로 한 사실이 10월 6일 알려지면서, 재생에너지 업계를 맡을 정부 내 창구가 약해진다는 비판이 나오고 
n-bbg-0092	R	2026-10-07	macro	0	IEA, 새 방출 대신 3월 약속분 남은 1억 배럴 조기 방출…경유 우선	IEA 회원국들이 10월 7일 회의에서 3월에 약속한 비축유 가운데 아직 풀지 않은 약 1억 배럴을 서둘러 풀고 경유를 우선하기로 하면서, G7이 발표한 1억 배럴 방출은 새 물량이 아니라 기존 약
n-bbg-0093	U	2026-10-07T16:56	macro	3	IMF 총재 'AI·유가·부채 위험 칵테일' 경고…주요국에 재정 건전화 촉구	게오르기에바 IMF 총재가 유가 배럴당 100달러 안팎의 에너지 충격과 2030년 전 GDP의 100%를 넘을 공공부채, AI 붐의 실적 실망 위험이 겹쳐 세계 성장을 위협한다고 경고하고 미국 등에
n-bbg-0094	U	2026-10-07T01:08	coal	2	인도 석탄발전 재고 '위험 수준'…최대 발전사 NTPC, 민간 석탄 구매 확대	인도 석탄발전소 191곳 중 절반 가까이의 재고가 권장량의 25%에도 못 미치자 최대 발전사 NTPC가 민간에서 사들이는 석탄을 늘리기로 하면서, 저녁 시간대 정전 위험을 줄이려는 수요가 민간 석탄
n-bbg-0095	R	2026-10-07	macro	0	인텔 CEO "머스크의 테라팹에 계속 참여"…TSMC 협력설 속 입장 확인	머스크가 테라팹 반도체 공장을 두고 TSMC와 협의 중이라고 밝힌 뒤 인텔 CEO 립부 탄이 인텔은 테라팹에 계속 참여한다고 밝히면서, 4월부터 개발 파트너였던 인텔이 제조 역할을 TSMC와 나눠 
n-bbg-0096	U	2026-10-07	jpins	0	노무라자산운용, 펀드매니저 평가 기간 1·3·5년에서 3·5·10년으로	운용자산 약 128조 엔의 노무라자산운용이 펀드매니저 성과 평가 기간을 1·3·5년에서 3·5·10년으로 바꾸면서, 매니저들이 1년 단기 성적보다 중장기 수익률을 기준으로 평가받고 운용하게 된다
n-bbg-0097	R	2026-10-07	macro	0	뉴욕 연은 조사, 1년 기대인플레이션 3.9%…2023년 5월 이후 최고	미국 소비자들이 예상하는 1년 뒤 물가 상승률이 9월 3.9%로 한 달 새 0.3%p 올라 2023년 5월 이후 가장 높아지면서, 물가 안정을 앞세워 금리를 올리고 있는 연준의 긴축 기조를 뒷받침하
n-bbg-0098	R	2026-10-07	macro	0	브렌트 100달러 위 유지…후티의 사우디 공격·멕시코만 폭풍에 공급 불안	후티의 사우디 공항·에너지 시설 공격과 미국 멕시코만으로 다가오는 열대폭풍 이사이아스가 겹치면서, 브렌트유가 배럴당 101달러대로 다시 올라서고 셰브론·셸·BP는 해상 플랫폼 인력을 철수시키고 있다
n-bbg-0099	U	2026-10-09T14:14	gas	3	카타르 LNG 복구 속도…NFE 첫 트레인 11월 가동 준비, 셸 펄 GTL 부분 재가동	카타르가 빈 LNG선을 걸프 안으로 불러들이는 가운데 연산 800만 톤 규모 노스필드이스트 첫 트레인이 11월 가동 준비를 마치고 셸이 3월 공격으로 멈춘 펄 GTL을 부분 재가동하면서, 호르무즈 
n-bbg-0100	U	2026-10-07T23:23	gas,petchem	2	셸, 3분기 정제 마진 75% 급등 예고에 가스 생산 전망도 상향	셸이 3분기 정제 마진 지표를 배럴당 24달러에서 42달러로 높여 안내한 데 이어 통합가스 부문 생산 전망도 올리면서, 정유·가스 부문 이익은 늘지만 화학 마진은 톤당 208달러로 떨어져 석유화학 
n-bbg-0101	U	2026-10-09T14:30	macro	18	美 30년물 금리 2002년 이후 최고·모기지 7.49%…입찰 호조에도 채권 매도세 지속	유가가 배럴당 100달러를 다시 넘으면서 미 국채 30년물 금리가 2002년 이후 최고인 5.7% 안팎까지 오르고 30년 고정 모기지 금리도 7.49%로 2023년 이후 최고를 찍어, 10년물 입찰
n-bbg-0102	U	2026-10-08T23:58	macro	7	독일 8월 산업생산 17개월 만에 최대폭 증가…정부, 올해 성장 전망 두 배로 상향	독일 8월 산업생산이 건설 9.3% 급증에 힘입어 전월보다 2.0% 늘고 정부가 2026년 성장률 전망을 두 배 넘게 올렸지만, 같은 달 수출은 예상과 달리 줄고 업계는 개혁 없이는 반등이 짧을 수
n-bbg-0103	U	2026-10-09T11:46	tech	6	스페이스X, 800MHz 저대역 주파수 확보…스타링크 모바일로 美 통신사 정면 도전	스페이스X가 그레인 매니지먼트로부터 미국 전국 800MHz 저대역 주파수(최대 14MHz 쌍) 인수에 합의하면서 스타링크 모바일의 실내 커버리지가 넓어질 수 있고, 발표 직후 AT&T·버라이즌·T모
n-bbg-0104	U	2026-10-09T02:17	macro	12	ECB 의사록 '비례적 인상'에 단기 추가 인상 기대 후퇴…슈나벨 후임 후보 28일 마감	ECB가 9월 0.25%p 인상을 '비례적 대응'으로 설명한 의사록과 레인 수석 이코노미스트의 신중론으로 단기 추가 인상 기대가 꺾였지만, 돌렌츠 등 일부 위원은 인플레이션 상방 위험을 들어 추가 
n-bbg-0105	U	2026-10-09T05:05	fin	6	금리 상승에 사모신용 환매·차환 압박…英 90일 환매 예고 제안, 호주는 펀드 판매 중단	금리 상승으로 사모신용의 기존 대출 차환 위험과 환매 요구가 커지는 가운데, 영국 FCA가 비유동자산 펀드에 90일 환매 예고를 제안하고 호주 ASIC이 2억 5,180만 호주달러 규모 펀드 3개의
n-bbg-0106	U	2026-10-09T07:22	consumer	5	파라마운트, 워너 인수 완료…엘리슨 170억 달러 투입, 채권 보호장치는 부족	엘리슨 일가가 이끄는 파라마운트가 10월 6일 워너브러더스디스커버리 인수를 마무리하고 새 회사 스카이댄스로 출범하면서, 영화 수익성 짜내기에 나섰지만 인수 자금을 댄 대형 채권에는 투자자 보호 장치
n-bbg-0107	U	2026-10-09T05:54	macro	5	에너지발 물가 반등에 중남미 금리 엇갈려…페루 깜짝 동결, 우루과이 6%로 인상	연료·전기요금 상승으로 중남미 물가가 다시 오르는 가운데 페루 중앙은행이 인상 예상을 깨고 기준금리를 4.25%로 동결한 반면 우루과이는 2025년 4월 이후 처음 0.25%p 올린 6%로 인상하면
n-bbg-0108	U	2026-10-08T23:02	macro	5	폴란드·루마니아·세르비아 금리 동결…에너지발 물가·정치 불안에 중동부 유럽 긴축 유지	폴란드(3.75%)·루마니아(6.50%)·세르비아(5.75%) 중앙은행이 중동 전쟁발 에너지 물가와 정치 불안 속에 금리를 일제히 동결하면서, 폴란드 물가가 4%로 오른 가운데 시장은 내년 인상 가
n-bbg-0109	U	2026-10-08T16:58	macro	4	태국 중앙은행 "금리 인상 서두르지 않아"…가계부채·소비심리 부담	태국 중앙은행 총재가 올해 물가 전망을 2.8%에서 2% 안팎으로 낮추며 1%인 기준금리 인상을 서두르지 않겠다고 밝힌 가운데, 가계부채 부담과 9월 소비자신뢰 하락이 겹쳐 성장률 2.3% 목표 달
n-bbg-0110	U	2026-10-08T23:23	macro	4	남아공 8월 제조업 생산 4.3% 급감…국영기업 감독위 신설·흑인우대 규정 법원서 제동	남아공 8월 제조업 생산이 연료비 급등 속에 전년보다 4.3% 줄어 10개 부문 중 9개가 뒷걸음질하면서 3분기 성장률을 다시 끌어내릴 수 있는 가운데, 정부는 국영기업 감독위원회 신설을 추진하고 
n-bbg-0111	U	2026-10-09T12:34	macro	4	프랑스 재정 불안에 유로 5주 연속 약세…달러는 18개월 고점 부근 유지	프랑스의 사상 최대 부채와 예산 삭감을 둘러싼 정치 불확실성으로 유로가 17개월 최저인 1.1161달러까지 밀리며 5주째 하락하는 사이, 매파적 FOMC 의사록에 달러가 18개월 고점 부근을 지키면
n-bbg-0112	U	2026-10-08T00:06	auto	4	포르쉐, 판매 감소 시대 고가 전략으로 전환…최상위 모델 20% 인상·이익률 15% 목표	포르쉐가 최상위 모델 평균 판매가를 약 20% 올리고 손익분기 판매량을 20만 대 아래로 낮춰 장기 영업이익률 15%를 노리는 새 전략을 내놓으면서, 상반기 7.8%까지 떨어진 수익성을 물량 대신 
n-bbg-0113	U	2026-10-09T13:20	tech	3	TCS 2분기 순이익 15% 늘었지만…인도 IT, 지정학·AI 탓 4년째 저성장 전망	인도 최대 IT 서비스 기업 TCS가 9월 분기 순이익을 약 1,388억 루피로 전년보다 15% 늘리고 AI 서비스 연환산 매출을 31억 달러로 키웠지만, 고정환율 기준 분기 매출 증가는 0.5%에
n-bbg-0114	U	2026-10-09T09:30	fin	3	토픽스 사상 최대 개편에 683개 종목 퇴출…일본 IPO는 14년 만의 최저	일본거래소그룹이 토픽스 구성 종목 약 683개를 빼는 사상 최대 개편을 발표하고 1~9월 신규 상장이 32건으로 2012년 이후 최저로 줄면서, 퇴출 종목은 패시브 자금 매도 압력을 받게 되고 채권
n-bbg-0115	U	2026-10-09T09:24	macro	2	AI 서버 부품 공급난 심화…루멘텀 2029년까지 매진, 베시는 메모리 병목 우려에 급락	엔비디아가 투자한 광부품업체 루멘텀이 AI 데이터센터용 광소자 생산능력이 2029년 무렵까지 모두 팔렸다고 밝힌 반면 반도체 장비업체 베시는 주력 기술이 메모리 공급난 압박을 받는다는 우려에 주가가
n-bbg-0116	U	2026-10-09T03:19	fin	3	사모신용 유동화 움직임…아폴로 350억 달러 거래, BDC 매물로 몸집 키우기	아폴로가 사모신용 트레이딩 데스크를 열어 160개 상대방과 350억 달러어치를 거래하고 BDC 매각이 성장 수단으로 떠오르면서, 환매 압박을 받는 사모신용 시장에서 가격 공개와 유동화가 빨라지고 있
n-bbg-0117	U	2026-10-09T00:52	macro	3	미 신규 실업수당 청구 19만7000건, 7월 이후 최저…해고는 여전히 적어	미국 신규 실업수당 청구가 10월 첫째 주 19만7000건으로 줄어 7월 중순 이후 최저를 기록하면서, 9월 일자리 증가가 2만9000개에 그친 '저채용·저해고' 노동시장에서 해고 급증 신호는 아직
n-bbg-0118	U	2026-10-08T21:03	consumer	3	테스코, 상반기 영업익 6.5% 증가에 연간 전망 하단 상향…온라인 배송이 비용 압박 상쇄	테스코가 빠른 배송 서비스를 앞세운 온라인 매출 8.4% 증가로 상반기 조정 영업이익을 6.5% 늘린 17억 8,000만 파운드로 끌어올리고 연간 이익 전망 하단을 31억 5,000만 파운드로 높였
n-bbg-0119	U	2026-10-09T14:23	auto	3	중국차, 무역 갈등에도 유럽 공세…파리모터쇼 20여 개 브랜드 출전, 하이브리드 앞세워	EU·중국 무역 갈등 속에도 립모터가 신형 주행거리 연장형 하이브리드를 유럽에 들여오고 BYD 등 중국 20여 개 브랜드가 10월 12~18일 파리모터쇼에 대거 나서면서, 전기차 관세를 피할 수 있
n-bbg-0120	U	2026-10-08T21:03	macro	3	그리어 '캐나다에 입장 고수'…공화당 로저스도 관세전쟁 중단 요구	그리어 USTR이 캐나다와의 무역 협상에서 미국 입장을 바꾸지 않겠다고 밝히고 미시간 공화당 상원 후보 로저스가 관세전쟁 중단을 요구하면서, 협상 교착 속에 카니 총리는 미국 관세를 계기로 송유관 
n-bbg-0121	U	2026-10-09T03:37	fin	3	비트코인 8만3천 달러대 급락, 5억5천만 달러 청산…그리스는 코인 차익 10% 과세	미 장기금리 상승과 유가 급등 속에 비트코인이 8만3천~8만4천 달러대로 떨어져 하루 5억5천만 달러의 레버리지 포지션이 청산된 가운데, 그리스가 암호화폐 양도차익에 10% 세율을 매기는 법안을 내
n-bbg-0122	U	2026-10-09T14:00	tech	2	인도 최대 지오 IPO 로드쇼…암바니 후계자들 투자자 질문 공세	아카시·이샤 암바니가 약 38억 달러로 인도 사상 최대가 될 지오 플랫폼스 IPO 해외 로드쇼를 이끌며 투자자들의 까다로운 질문을 받는 가운데, 상장 뒤 모회사 릴라이언스가 지오를 더 싸게 사는 경
n-bbg-0123	U	2026-10-09T14:13	coal	2	글렌코어, 14일 호주 증시 2차 상장…'전기화 수요에 투자자 관심 강해'	글렌코어가 10월 14일 호주증권거래소 2차 상장을 앞두고 이익의 약 30%를 차지하는 구리의 전기화 수요를 내세워 투자자 관심이 강하다고 밝히면서, 세계 최대 연료탄 수출사라는 석탄 우려를 넘어 
n-bbg-0124	U	2026-10-09T13:25	metals	2	포테스큐, 中 CMRG 분쟁에 판매 차질…철광석은 공급 과잉·수요 부진에 주간 하락	포테스큐가 중국 국영 구매사 CMRG와의 가격 분쟁으로 9월 분기 철광석 판매량이 4,290만 톤으로 선적량 4,680만 톤에 못 미치고 순부채가 28억 달러로 늘었다고 밝히는 가운데, 철광석 가격
n-bbg-0125	U	2026-10-09T13:36	realestate	2	PAG, 헝다 물업 지분 인수 위해 청산인과 독점 협상	사모펀드 PAG가 헝다 청산인과 자회사 헝다물업 지배지분 인수를 위한 독점 협상에 들어가면서, 6월 광둥성여유그룹과의 협상이 깨진 뒤 멈췄던 헝다 핵심 자산 매각이 다시 진행되고 있다
n-bbg-0126	U	2026-10-09T11:35	macro	2	부진한 필리핀 국채, 페소·물가 위험 속 국제 가격 관행 도입해 외국인 유치	페소 약세와 물가 상승으로 필리핀 국채 성적이 가장 부진한 가운데 필리핀 정부가 2027년 1월부터 페소 국채 결제에 국제 가격 산정 관행을 적용하기로 하면서, JP모건 신흥국 국채지수 편입을 앞두
n-bbg-0127	U	2026-10-09T11:25	industrial	2	니덱, 감사의견 거절 속 오아시스 "비상장 전환 검토하라"…주가 11개월 저점	회계 부정으로 2년 연속 감사의견 거절을 받아 상장폐지 위험에 놓인 니덱에 지분 약 8%의 오아시스가 사모펀드 등 인수 제안을 받아 비상장 전환을 검토하라고 요구했고, UBS 등급 하향까지 겹쳐 주
n-bbg-0128	U	2026-10-09T11:12	macro	2	오픈AI 연말 연환산 매출 700억 달러 목표…FT "9월 실적은 200억 달러 적어"	오픈AI가 투자자들에게 연말 연환산 매출 700억 달러 달성을 내세웠지만 FT가 9월 말 실제 연환산 매출은 약 500억 달러로 앞서 알려진 수치보다 200억 달러 적다고 보도하면서, AI 기업 매
n-bbg-0129	U	2026-10-09T12:55	tech	2	메타, 7개국서 바이트댄스·틱톡 광고 금지…경쟁사 광고 차단	메타가 미국·캐나다·일본·인도네시아 등 7개국에서 틱톡 모회사 바이트댄스와 틱톡으로 이용자를 유도하는 제3자 광고의 자사 앱 게재를 즉시 금지하면서, 틱톡이 페이스북·인스타그램을 통해 이용자를 끌어
n-bbg-0130	U	2026-10-09T04:46	tech	2	애플, M&A 책임자에 내부 출신 스티브 스미스…페리카는 서비스 부문으로	애플이 존 터너스 CEO 체제의 조직 개편으로 내부 출신 스티브 스미스를 M&A 책임자로 앉혀 CFO 산하에 두고 17년간 인수합병을 이끈 에이드리언 페리카를 서비스 부문으로 옮기면서, 서비스 사업
n-bbg-0131	U	2026-10-09T02:16	fin	2	레볼루트 CEO "상장하면 미국 1차 상장"…기업가치 1150억 달러 런던 이탈 신호	기업가치 1,150억 달러의 레볼루트 스토론스키 CEO가 상장한다면 유동성이 깊은 미국을 1차 상장지로 삼겠다고 밝히면서, 영국 핀테크 대어의 런던 상장 기대가 꺾이고 런던 증시의 상장 유치 경쟁력
n-bbg-0132	U	2026-10-09T00:22	fin	2	인도 SEBI, 거래 기록 넘기며 제인스트리트에 답변 압박…조사 지연 공방	인도 증권거래위원회(SEBI)가 조작 혐의 판단에 쓴 거래 기록을 제인스트리트에 넘기고 답변을 요구하자 제인스트리트가 증권항소법원에서 조사를 늦출 동기가 없다며 추가 자료를 요구해, 약 484억 루
n-bbg-0133	U	2026-10-09T06:21	tech	2	美, 마이크로소프트·인도 IT기업 영주권 노동인증서 신청 중단…'제도 남용' 제재	미국 정부가 마이크로소프트·어도비와 인포시스·타타·위프로 등 IT 서비스 기업의 영주권 노동인증(PERM) 신청 접수와 처리를 중단하면서, 이들 기업이 H-1B 인력을 영주권으로 전환해 붙잡아 두기
n-bbg-0134	U	2026-10-09T08:42	consumer	2	스타벅스, 시총 390억 달러 치폴레 인수 검토…성사 땐 외식업 사상 최대	스타벅스가 자문사와 함께 시가총액 약 390억 달러인 치폴레 인수를 검토했다는 FT 보도가 나오면서, 치폴레 주가는 장중 최대 8.6% 뛰고 스타벅스는 6.7% 떨어져 차입·신주 발행 부담과 턴어라
n-bbg-0135	U	2026-10-09T00:09	aero	2	영국 총리 '독일 GCAP 전투기 합류 열려 있다'…FCAS 무산 뒤 유럽 전투기 판 재편	버넘 영국 총리가 베를린에서 메르츠 독일 총리를 만난 뒤 독일의 차세대 전투기 GCAP 합류에 열려 있다고 밝히면서, 프랑스·스페인과의 FCAS가 무산된 독일이 영국·이탈리아·일본 사업에 들어갈 길
n-bbg-0136	U	2026-10-08T21:06	macro	2	미 중간선거 다가오자 AI 인기주·방산주가 최대 위험군으로	미 중간선거를 앞두고 여론조사가 민주당 쪽으로 기울면서 의회 청문회·조사 강화 가능성이 커져, 밸류에이션이 높은 AI 인기주와 예산 지연 우려가 있는 방산주가 가장 큰 하락 위험에 놓였다는 분석이 
n-bbg-0137	U	2026-10-09T01:17	gas	2	데본, 이글포드 셰일 자산 42억 달러에 크레센트에 매각…자사주 매입·부채 감축	데본에너지가 하루 6만 8천 배럴(석유환산) 규모의 이글포드 셰일 자산을 크레센트에너지에 현금 42억 달러에 팔고 매각 대금을 자사주 매입과 부채 감축에 쓰기로 하면서, 미국 셰일 업계의 핵심 자산
n-bbg-0138	U	2026-10-09T03:49	fin	2	홍콩 당국, '계속기업 의견거절' 상장사 거래정지 검토…부실기업 규제 강화	홍콩 회계감독원·증권선물위원회·거래소가 계속기업 문제만으로 감사 의견거절을 받은 상장사가 2017년 12곳에서 2025년 95곳으로 늘었다며 공동 경고하면서, 개선이 없으면 이들 기업의 거래를 정지
n-bbg-0139	U	2026-10-08T15:53	consumer	2	임페리얼 브랜즈, 주가 하락 뒤 15억 파운드 자사주 매입…연간 전망 유지	영국 담배회사 임페리얼 브랜즈가 주가 하락 뒤 2027년 10월까지 최대 15억 파운드의 자사주를 사들이겠다고 밝히고 2026회계연도 조정 영업이익 3~5% 증가 전망을 유지하면서, 주식 수 감소로
n-bbg-0140	U	2026-10-09T12:11	auto	2	중동발 유가 충격에 아시아 전기차 전환 가속…필리핀 판매 2배, 파키스탄 목표 앞당겨	중동 전쟁 이후 휘발유·경유값이 급등하면서 필리핀의 1~7월 전기차 판매가 3만8천여 대로 2배 넘게 늘고 파키스탄은 2030년 전기차 30% 목표를 앞당길 수 있다고 밝혀, 고유가가 신흥 아시아의
n-bbg-0141	U	2026-10-08T17:23	fin	2	한국, 국내 면허 없는 외국계 은행의 해외채권 주선 금지 검토…MUFG·ANZ 등 영향	한국 기획재정부가 국내 증권업 면허가 없는 외국계 투자은행이 한국 기업의 해외채권 발행을 주선하지 못하게 하는 방안을 검토하면서, 올해 상반기 531억 달러로 늘어난 한국물 발행에서 MUFG·ANZ
n-bbg-0142	U	2026-10-09T14:34	macro	2	엔비디아 투자 호주 Firmus, 50억 달러 IPO 철회…협력사 마스 거래정지	엔비디아가 투자한 호주 AI 데이터센터 운영사 Firmus가 8월보다 세 배 가까운 306억 달러 몸값과 약 300억 달러 부채에 대한 투자자 우려로 50억 달러 IPO를 접고 비상장 자금조달로 돌
n-bbg-0143	U	2026-10-09T01:20	aero	2	베이조스 '블루 오리진, 수년 안에 IPO 타당'…100억 달러 유치 뒤 언급	제프 베이조스가 블루 오리진이 첫 외부 투자로 100억 달러를 유치한 뒤 수년 안에 상장하는 것이 타당하다고 밝히면서, 6월 상장한 스페이스X에 이어 우주 발사 기업의 상장 흐름이 이어질 수 있다
n-bbg-0144	U	2026-10-08T06:20	consumer	2	룰루레몬, 애슬레타 CEO 출신 나이키 베테랑에 제품 총괄…경영진 대개편	룰루레몬의 하이디 오닐 CEO가 제품 실수·리콜로 소비자 반발을 산 회사를 되살리려 애슬레타 CEO 출신 나이키 베테랑 매기 고거를 최고제품책임자로 영입하고 브랜드·공급망 책임자를 내보내면서, 경영
n-bbg-0145	U	2026-10-08T07:10	consumer	2	리바이스, 관세 환급에 연간 이익 전망 상향…직판 성장 2%로 둔화	리바이스가 3분기 IEEPA 관세 환급 7860만 달러 덕에 연간 조정 주당순이익 전망을 1.54~1.56달러로 올렸지만, 매출의 45%인 직영 판매가 2% 성장에 그치고 연간 매출 증가 전망을 7
n-bbg-0146	U	2026-10-08T10:06	fin	2	SEC, 엑손 기후 표 대결 관련 기소 않지만 경고…"기후 연대 가입 땐 13G 자격 잃을 수도"	미 증권거래위원회(SEC)가 2021년 엑손모빌 주총 표 대결과 관련한 기후 연대 '클라이밋 액션 100+' 조사에서 기소는 않기로 했지만, 지배권 영향을 노린 단체 가입이 간이 보고(13G) 자격
n-bbg-0147	U	2026-10-08T03:31	pharma	2	머크 피하주사형 키트루다, 할로자임 특허 소송 패소로 유럽 8개국 판매 금지	네덜란드 특허법원이 할로자임의 특허 침해 주장을 받아들여 머크의 피하주사형 키트루다 제조·판매를 유럽 8개국에서 금지하면서, 정맥주사형만 남게 된 해당 국가에서 머크의 피하주사 제품 출시가 막혔다
n-bbg-0148	U	2026-10-08T07:20	consumer	2	캐나다 웨스턴 가문, 영국 약국 체인 부츠 89억 달러에 인수…페어팩스가 지분 절반	캐나다 웨스턴 가문의 지주회사 위팅턴이 페어팩스 파이낸셜과 손잡고 영국 약국 체인 부츠를 부채 포함 89억 달러에 사들이기로 하면서, 2025년 월그린을 인수한 사이커모어가 1년여 만에 부츠를 떼어
n-bbg-0149	U	2026-10-07T21:08	macro	2	러시아 올해 전비 사상 최대 2천억 달러…협상 결렬 후 600억 달러 추가	푸틴 대통령이 미국과의 협상이 성과 없을 것으로 보고 600억 달러를 추가로 쓰도록 지시해 올해 전쟁 관련 지출이 원래 계획보다 40% 많은 약 2천억 달러로 늘면서, 러시아 재정적자가 7조 루블을
n-bbg-0150	U	2026-10-08T04:12	macro,power	2	미국, 쿠바행 연료 90건 압류하며 봉쇄 강화…태양광이 전력난 완화 대안으로	미국이 제재 대상 쿠바 국영 연료회사로 가던 바이오디젤 90건(약 280만 달러어치)을 압류하는 등 연료 봉쇄를 이어가면서, 정전이 심해진 쿠바에서 미국산 태양광 설비 수입이 전력난을 덜어주는 통로
n-bbg-0151	U	2026-10-08T01:28	industrial	2	크레틴스키 인수 로열메일, 2027년까지 사무직 2,500명 감원	체코 억만장자 크레틴스키가 인수한 영국 로열메일이 편지 물량이 정점 대비 70% 넘게 줄자 2027년 말까지 본사·지원 부문에서 최대 2,500명을 줄이기로 하면서, 배송 현장 인력은 유지한 채 중
n-bbg-0152	U	2026-10-08T01:35	gas	2	독일 유니퍼 매각전 가열…아폴로 입찰 가세, RWE는 KKR과 공동 입찰	독일 정부가 국유화한 유니퍼 지분 최대 74.12% 매각에 아폴로가 비구속 입찰을 내고 RWE·KKR 컨소시엄, 에퀴노르, EPH, 브룩필드 등이 뛰어들면서, 기업가치 약 100억 유로로 거론되는 
n-bbg-0153	U	2026-10-07T17:57	metals	2	텅스텐값 급등에 광산사 상장 러시…르완다 트리니티는 뉴욕, 스페인 아베노하르는 런던	군수용 금속 텅스텐 가격이 치솟고 중국이 세계 광산 생산의 약 79%를 쥔 채 수출을 제한하면서, 르완다 트리니티 메탈스가 뉴욕 상장을 검토하고 스페인 아베노하르 텅스텐이 2억1100만 유로 규모 
n-bbg-0154	U	2026-10-07T17:38	macro	2	아이슬란드 서유럽 최고 금리 8% 유지…스웨덴 물가 반등에 릭스방크 11월 인상 가능성	아이슬란드 중앙은행이 9월 물가가 5.9%로 2년 만에 최고인데도 경기 둔화를 들어 금리를 8%에서 동결하고, 스웨덴은 에너지 가격 상승으로 CPIF 물가가 0.7%에서 1.5%로 뛰면서 릭스방크(
n-bbg-0155	U	2026-10-07T19:33	fin	2	사우스웨스트워터 모회사 페넌, 5억 5,000만 파운드 유상증자·배당 삭감에 주가 급락	영국 사우스웨스트워터 모회사 페넌이 수도 설비 투자를 약 10억 파운드 늘리려 주당 250펜스에 5억 5,000만 파운드 유상증자를 하고 주당 배당을 약 30% 줄이면서, 주가가 하루 새 약 20%
n-bbg-0156	U	2026-10-07T15:37	macro	2	노르웨이 2027년 예산, 국부펀드서 6084억 크로네 인출…20년 만의 최대 소득세 감세	노르웨이 정부가 2027년 예산안에서 국부펀드 인출액을 6084억 크로네(약 636억 달러)로 늘리고 64억 크로네 규모의 20년 만의 최대 소득세 감세를 내놓으면서, 재정 의존도를 줄이라는 OEC
n-bbg-0157	U	2026-10-07T18:57	macro	2	이라크, 호르무즈 봉쇄로 원유 수출 줄자 디나르 평가절하…달러당 1,520	이라크가 호르무즈 해협 차질로 세입의 90%를 차지하는 원유 수출이 전쟁 전 하루 360만 배럴에서 크게 줄자 디나르를 달러당 1,520으로 13~14.5% 평가절하해, 달러 원유 수입의 현지 화폐
n-bbg-0158	U	2026-10-08T00:30	fin	2	네덜란드 정부, ABN암로 지분 20.7%→10.5%로 절반 축소	네덜란드 정부 지주기관 NLFI가 BofA를 통한 장내 매매 계획으로 ABN암로 지분을 20.7%에서 10.5%로 절반가량 줄이기로 하면서, 지분을 결국 0으로 줄이려는 민영화가 한 단계 더 나아가
n-bbg-0159	U	2026-10-07T21:45	auto	2	재규어, 13만 파운드 전기 GT 공개하며 브랜드 재출발…고가 전기차 승부수	재규어가 1천 마력급 4도어 전기 GT 'Type 01'을 13만 파운드부터 내놓고 2027년 초 주문을 받기로 하면서, 초고가 전기차로 브랜드를 다시 세우는 전략의 성패가 시험대에 오르게 됐다
n-bbg-0160	U	2026-10-09T14:15	macro	1	에티오피아·에리트레아 단교·충돌 위기…홍해 해운에 또 다른 위협	에티오피아가 10월 1일 에리트레아와 외교 관계가 끊긴 뒤 아비 총리가 아사브 항구를 포함한 홍해 접근을 요구하며 무력도 배제하지 않으면서, 후티 반군 공격에 이어 홍해 해운에 새로운 위험 요인이 
n-bbg-0161	U	2026-10-09T13:55	fin	1	우즈베크 핀테크 우줌, 국내 최대 회사채 발행사 된 뒤 유로본드 데뷔 추진	우즈베키스탄 핀테크·전자상거래 기업 우줌이 다섯 차례 국내 회사채로 2조1천억 숨을 모아 최대 민간 발행사가 된 뒤 해외 유로본드 발행을 추진하면서, 중앙아시아 신흥 기업의 국제 자본시장 진출이 넓
n-bbg-0162	U	2026-10-09T13:40	fin	1	에어텔 머니, 런던 5년 만의 최대급 IPO로 53억 파운드 몸값에 상장	아프리카 모바일 결제업체 에어텔 머니가 주당 1.96파운드, 기업가치 53억 파운드로 5억 2,900만 파운드어치 구주를 팔아 런던에 상장하면서, 부진하던 런던 IPO 시장에 최근 몇 년 새 가장 
n-bbg-0163	U	2026-10-09T13:07	gas	1	호주, LNG 수출량 20% 국내 공급 의무화 최종안 공개 예정	호주 정부가 LNG 수출업체에 수출량의 20%를 국내에 실제 공급하도록 하는 가스 비축제 최종안을 내놓을 예정이어서, 시행되면 동부 해안 가스 수급은 나아지지만 아시아행 LNG 물량은 줄어들 수 있
n-bbg-0164	U	2026-10-09T13:00	fin	1	에코뱅크, 위안화 결제 도입…아프리카·중국 교역 겨냥	범아프리카 은행 에코뱅크가 중국은행과 손잡고 현지 통화를 달러를 거치지 않고 위안화로 바로 바꾸는 결제를 추진하면서, 연 3,480억 달러 규모로 커진 아프리카·중국 교역에서 기업들의 환전 비용과 
n-bbg-0165	U	2026-10-09T11:57	auto	1	샤오미, 새 SUV '스카이노매드' 첫 달 확정 주문 7만 대에 주가 최대 9% 급등	샤오미가 주행거리 연장형 SUV 스카이노매드 시리즈의 출시 첫 달 확정 주문이 7만 대를 넘었다고 밝히면서, 올해 38% 떨어졌던 홍콩 주가가 장중 최대 9.2% 뛰고 9월 인도량도 4만 대를 넘어
n-bbg-0166	U	2026-10-09T07:24	macro	1	AI 빚잔치에 기술기업 채권 약세…트레이더들 위험 재평가 서둘러	하이퍼스케일러들이 AI 설비 자금을 대규모 회사채로 조달하면서 공급 부담과 레버리지 우려에 기술기업 채권 가격이 떨어지고 있어, 오라클을 중심으로 신용부도스와프가 오르고 우량 기술기업의 차입 비용도
n-bbg-0167	U	2026-10-09T05:25	pharma	1	휴매나, 최대 메디케어 계약 별점 4개로 상향…주가 급등	미 메디케어 당국이 휴매나 최대 메디케어 어드밴티지 계약(가입자 약 240만 명)의 2027년 별점을 4개로 올리면서, 품질 보너스로 2028년 매출이 늘 수 있다는 기대에 주가가 장외에서 13% 
n-bbg-0168	U	2026-10-09T05:06	uranium	1	라마스와미의 원전 스타트업 아틀라스 아토믹스, 기업가치 19억 달러로 4억 달러 조달	비벡 라마스와미가 공동 창업한 원전 스타트업 아틀라스 아토믹스가 제너럴 캐털리스트 주도로 기업가치 19억 달러에 약 4억 달러를 조달하면서, 농축우라늄이 필요 없는 개량형 중수로 개발 자금을 확보했
n-bbg-0169	U	2026-10-09T04:58	macro	1	美 국제무역법원, 관세 환급 집단소송 인정…소송 안 낸 수입업체까지 환급 길 열려	미 국제무역법원 이턴 판사가 아직 환급을 청구하지 않은 모든 수입업체를 대표하는 집단소송을 인정하면서, 대법원이 위법 판단한 트럼프 관세의 환급 대상이 소송 여력이 없는 중소 수입업체로 넓어질 수 
n-bbg-0170	U	2026-10-09T04:50	agri	1	테일러팜스, 사이클로스포라 사태에 멕시코산 양상추 여름철 수확 무기한 중단	미국 신선채소 업체 테일러팜스가 수천 명이 감염되고 2명이 숨진 사이클로스포라 집단 발병 이후 미 감염철(5~8월) 동안 멕시코 중부산 양상추 수확·가공을 무기한 중단하기로 하면서, 여름철 미국·캐
n-bbg-0171	U	2026-10-09T04:25	gas	1	킨더모건, 미·멕시코 가스관 불가항력 해제…멕시코행 가스 5분의 1 줄었다 복구	킨더모건이 정비 중 문제를 발견해 일부 구간을 막았던 테네시가스파이프라인의 불가항력을 수리 뒤 해제하면서, 미국산 공급이 5분의 1가량 줄었던 멕시코행 천연가스 수송이 정상화됐다
n-bbg-0172	U	2026-10-09T04:12	fin	1	美 재무부 ETF 절세 경고…351 전환은 겨냥, 핵심 ETF 기법은 그대로	미 재무부와 국세청이 부유층의 351조 ETF 전환 절세를 과세 대상이라고 경고했지만 일반 ETF 설정·환매와 기존 핵심 기법은 건드리지 않으면서, ETF 업계의 절세 구조 대부분은 당분간 유지된다
n-bbg-0173	U	2026-10-09T02:24	petchem	1	아프리카 연료 유통사 오릭스 에너지스, 약 10억 달러에 경영진 인수	사하라 이남 17개국에서 연료 트레이딩·유통을 해 온 제네바 소재 오릭스 에너지스가 약 10억 달러에 경영진 인수 방식으로 매각되면서, 투자회사 AOG가 대주주였던 아프리카 연료 공급망 사업의 주인
n-bbg-0174	U	2026-10-09T02:23	macro	1	미 제재 대상 재벌 타그와이레이, 짐바브웨 경제개발·투자장관 임명	음난가그와 짐바브웨 대통령이 재무부에서 경제개발·투자진흥 부처를 떼어내 미·영 제재 대상 재벌 쿠다 타그와이레이를 장관에 앉히면서, 외국인 투자 창구를 제재 인사가 맡게 돼 서방 투자자의 이해충돌·
n-bbg-0175	U	2026-10-09T02:09	power	1	PG&E, 강풍·산불 위험에 주말 예방 단전 경고…캘리포니아 북부 대상	캘리포니아 최대 전력회사 PG&E가 건조한 강풍으로 산불 위험이 커지자 토요일부터 월요일까지 새크라멘토 북·서쪽 등 일부 지역에 예방 단전을 할 수 있다고 경고하면서, 약 1만 2,200가구의 전력
n-bbg-0176	U	2026-10-09T02:00	fin	1	美 FTC, 계좌 동결 민원 1,500건 넘자 블록 조사…법원에 자료 제출 명령 요청	미국 연방거래위원회가 스퀘어 계좌 동결·해지로 고객이 돈을 찾지 못했다는 민원 1,500여 건을 근거로 블록을 조사하며 법원에 자료 제출 강제를 요청하면서, 블록이 소비자보호법 위반 여부를 두고 규
n-bbg-0177	U	2026-10-09T01:53	macro	1	CBO 국장 '성장만으로 미 부채 안정 어려워…5~6% 성장 필요'	스와겔 미 의회예산국장이 금리 4~5%를 전제로 성장만으로 부채를 안정시키려면 5~6% 성장이 필요하다고 밝히면서, 성장 중심 재정 전략에 의문을 던지고 재정 방향이 장기적으로 국채금리를 밀어 올릴
n-bbg-0178	U	2026-10-09T01:47	macro	1	칼라일의 루코일 해외자산 인수 계약 만료…美 OFAC 승인 못 받아	칼라일이 연초 합의한 루코일 해외자산 인수 계약이 미국 해외자산통제실(OFAC) 승인을 받지 못해 7월 말 만료됐다고 밝히면서, 제재 대상 루코일은 해외자산을 넘길 다른 인수자를 찾아야 한다
n-bbg-0179	U	2026-10-09T01:35	auto	1	화웨이·JAC 마에스트로, 브레이크 페달 파손 시험에 부품 재설계…JAC 주가 하한가	화웨이·JAC 합작 브랜드 마에스트로가 V800 3대 모두 급제동 시험에서 브레이크 페달 브래킷이 부러졌다는 영상이 나오자 부품 재설계와 무상 교체를 약속했지만, JAC 주가는 하한가로 떨어져 시가
n-bbg-0180	U	2026-10-09T00:23	consumer	1	우버 철수 한 달 만에…차량금융 무브, 창업지 나이지리아 떠나	나이지리아에서 창업한 차량금융 업체 무브가 핵심 플랫폼 우버가 9월 철수한 지 한 달 만에 현지 사업을 접고 350억 나이라어치 차량을 운전자에게 넘기기로 해, 현지 차량호출 시장의 이탈이 이어지고
n-bbg-0181	U	2026-10-08T23:39	pharma	1	미시간주, 블루크로스 블루실드 반독점 제소…'건강보험 시장 65% 독점'	미시간주 검찰총장이 주 건강보험 시장의 65%를 차지한 블루크로스 블루실드 오브 미시간을 다른 블루 계열사와 지역을 나눠 경쟁을 막았다며 반독점 소송을 내면서, 수억 달러 배상과 영업 관행 금지를 
n-bbg-0182	U	2026-10-08T22:55	realestate	1	블랙스톤 참여한 캐나다 H&R 리츠 분할 매각, RBC·밀폰드 반대표	블랙스톤 등이 참여한 GO 레지덴셜의 캐나다 H&R 리츠 분할 인수에 대해 930만 주를 가진 RBC자산운용과 밀폰드가 반대를 밝히면서, 11월 13일 주주총회 통과가 불투명해졌다
n-bbg-0183	U	2026-10-08T22:43	macro	1	루비오, 리스본서 포르투갈·유럽에 대중국 의존 축소 촉구	루비오 미 국무장관이 리스본을 방문해 '어떤 나라도 의약품 등 무엇이든 95%를 한 나라에 의존해선 안 된다'며 포르투갈과 유럽에 중국 의존을 줄이라고 촉구하면서, 유럽의 대중 공급망 다변화와 투자
n-bbg-0184	U	2026-10-08T21:42	realestate	1	프랑크푸르트 코메르츠방크 타워, 3.6억 유로 차환·리모델링 자금 조달 난항	프랑크푸르트 코메르츠방크 타워를 소유한 삼성SRA자산운용이 약 3억 6,000만 유로 대출 차환과 리모델링용 우선주 1억 5,000만 유로 조달에 나섰지만 2032년 임대 만료 후 코메르츠방크의 재
n-bbg-0185	U	2026-10-08T21:10	auto	1	車유리 수리업체 벨론, 유럽 IPO 주관사 선정…기업가치 300억 유로 넘봐	디테렌이 절반 남짓을 가진 자동차 유리 수리업체 벨론이 뱅크오브아메리카·BNP파리바·JP모건·모건스탠리를 상장 주관사로 고르면서, 암스테르담에서 기업가치 300억 유로 이상을 노리는 유럽 대형 IP
n-bbg-0186	U	2026-10-08T21:05	consumer	1	엑스박스, 영화·TV·굿즈 맡는 'XP' 사업부 신설	마이크로소프트 엑스박스가 게임 IP를 영화·TV·상품·테마파크로 넓히는 XP 사업부를 새로 만들면서, 올해 인력 약 20%를 줄인 뒤 콜오브듀티 영화와 디아블로 애니메이션 등으로 게임 밖 매출원을 
n-bbg-0187	U	2026-10-08T21:00	realestate	1	켄 그리핀, 마이애미 윈우드 부지 11억 달러 매입…개발사 마나에 '10억 달러 승리'	시타델 창업자 켄 그리핀이 마이애미 윈우드 부지 약 30에이커를 약 11억 달러 현금에 사들여 카네기멜런대 캠퍼스 부지로 쓰기로 하면서, 개발사 마나는 플로리다 최대 토지 거래 대금을 손에 쥐게 됐
n-bbg-0188	U	2026-10-08T20:57	fin	1	카타르 최대 은행 QNB, 아시아 은행 주도로 25억 달러 대출 조달	카타르국립은행(QNB)이 아시아 은행 주도의 5년 만기 신디케이트론을 수요가 몰려 20억 달러에서 25억 달러로 늘려 조달하면서, 역내 분쟁으로 물러났던 아시아 대주들이 걸프 금융시장으로 돌아오고 
n-bbg-0189	U	2026-10-08T19:33	aero	1	라이언에어·루프트한자 CEO '엄격한 조종사 점검에도 위험 남아'…플라이두바이 사건 여파	플라이두바이 부기장의 조종석 공격 사건 뒤 라이언에어와 루프트한자 CEO가 조종사 정신건강 점검이 이미 엄격하지만 모든 사고를 막을 수는 없다고 밝히면서, 항공사들은 심사 강화만으로 위험을 없애기 
n-bbg-0190	U	2026-10-08T19:29	macro	1	바레인 국채 급락에 2018년 걸프 구제금융 기억 소환	호르무즈 봉쇄로 원유 수입이 줄고 미 국채 금리가 뛰면서 바레인 2028년물 달러채 금리가 6년 만의 최고인 8.99%로 오르자, 투자자들이 2018년 사우디·UAE·쿠웨이트의 100억 달러 구제를
n-bbg-0191	U	2026-10-08T19:25	consumer	1	플립카트 전 임원들, 월마트에 스톡옵션 매입 요구…IPO 지연에 현금화 막혀	무케시 반살 전 CEO 등 플립카트 전 임원 최소 8명이 월마트 이사회에 서한을 보내 행사 가능한 스톡옵션을 사 달라고 요구하면서, 상장이 늦어지는 가운데 약 40억 달러 규모인 직원 스톡옵션 매입
n-bbg-0192	U	2026-10-08T19:01	power	1	마다가스카르, 입찰 없이 러시아 업체서 발전기 18대 구매…친러 행보 강화	에너지 비상사태 속 마다가스카르 정부가 국영 전력회사 JIRAMA에 러시아 업체의 디젤 발전기 18대(약 18MW)를 입찰 없이 직접 사도록 지시하면서, 공급사 선정과 계약 금액의 투명성 논란 속에
n-bbg-0193	U	2026-10-08T19:00	power	1	美 상원 초당적 인허가 개혁안에 환경단체 반발…"석유·빅테크에 퍼주기"	미 상원이 에너지·송전 사업 인허가를 앞당기는 초당적 합의안을 내놓자 환경단체들이 멸종위기종 보호 약화와 석유·가스 개발 가속을 이유로 반발하면서, 중간선거 뒤로 미뤄진 표결에서 민주당 표 확보가 
n-bbg-0194	U	2026-10-08T18:34	pharma	1	인도 대법원, 제약사 의사 리베이트 관행 점검 위원회 구성 명령	인도 대법원이 제약사가 선물·접대·여행 지원으로 의사 처방에 영향을 준다는 청원을 받아들여 정부에 2주 안에 위원회를 꾸려 판촉 규제를 점검하라고 명령하면서, 인도 제약사 영업 관행에 대한 처벌 장
n-bbg-0195	U	2026-10-08T18:30	coal,power	1	핼러도어, 메롬 석탄발전소 전력 6.9억 달러 6년 계약…선도 판매 30억 달러	핼러도어가 인디애나 메롬 석탄발전소의 용량 225MW와 전력을 2029~2035년 한 전력회사에 파는 약 6억9천만 달러 계약을 맺으면서, 메롬 용량의 약 95%가 2035년까지 팔려 기존 석탄발전
n-bbg-0196	U	2026-10-08T15:37	fin	1	코인베이스 "은행은 경쟁자이자 큰 고객"…수탁·프라임브로커리지로 은행 인프라 공략	코인베이스가 디지털자산 사업에 뛰어드는 은행들의 인프라 공급자 역할을 키우며 프라임브로커리지가 가장 빠르게 크는 사업이라고 밝히면서, 은행의 가상자산 진출이 코인베이스에는 경쟁이자 새 고객 확보 기
n-bbg-0197	U	2026-10-08T09:31	agri	1	흑해 공급 차질에 아시아 밀 수입사 선매입 축소…가격 급변 노출 커져	흑해 밀 수출이 선박 공격으로 급감하고 시카고 밀값이 8월까지 30% 넘게 오른 뒤 9월 13% 급락하자, 동남아·남아시아 제분업체들이 6개월 앞서 하던 매입을 12월분까지로 줄이면서 가격 급등에 
n-bbg-0198	U	2026-10-08T05:13	pharma	1	美 PBM 프라임 테라퓨틱스, 리베이트 대신 선가격 '순비용 모델' 2028년 도입	미국 대형 약국급여관리업체(PBM) 프라임 테라퓨틱스가 2028년부터 리베이트 대신 처음부터 실제 가격을 매기는 '순비용 모델'을 고객에게 내놓기로 해, 리베이트 중심 PBM 수익 구조가 바뀔 수 
n-bbg-0199	U	2026-10-08T05:05	auto	1	파산한 퍼스트브랜즈 형제, 재판서 서로 책임 떠넘기기 예고	파산한 자동차부품업체 퍼스트브랜즈의 창업자 형제가 다가오는 재판에서 서로에게 책임을 돌리겠다고 밝히면서, 회사 붕괴 경위를 둘러싼 법정 공방이 형제 간 다툼으로 번질 전망이다 (제목 기준)
n-bbg-0200	U	2026-10-08T04:46	macro	1	아르헨티나 8월 경기 부진…2분기 역성장 이어 기술적 침체 조짐	아르헨티나 경제가 2분기 0.6% 역성장하고 7월 활동지수가 전월보다 2.9% 떨어진 데 이어 8월도 부진한 흐름을 보이면서, 3분기까지 역성장해 기술적 경기침체에 빠질 가능성이 커지고 있다
n-bbg-0201	U	2026-10-08T04:17	aero	1	UPS 직원 경고메일 놓쳐 F-35 부품 홍콩 경유…중국 당국 손에	UPS 직원이 미국 수출규제상 특정국 경유 금지 경고 메일을 놓친 채 호주 F-35의 조종석 캐노피와 무장창 문을 홍콩으로 돌려 보내면서, 레이더 흡수 코팅이 된 스텔스 부품이 중국 당국 손에 들어
n-bbg-0202	U	2026-10-08T03:35	auto	1	허츠 채권단, 자문사 선임하며 채무 협상 대비…만기 연장 압박	렌터카 업체 허츠가 12월 만기 2억 달러 채권과 2028년 만기 27억 달러 대출을 앞두고 만기 연장을 타진하자 담보 대주단이 에버코어·훌리한로키 등 자문사를 선임하면서, 채무 조정 조건을 둘러싼
n-bbg-0203	U	2026-10-08T02:31	realestate	1	캐나다, 2027년 1월 만료 앞둔 외국인 주택 구매 금지 재검토	캐나다 정부가 2027년 1월 1일 만료되는 외국인 주택 구매 금지 조치를 연장할지 재검토에 들어가면서, 신축·나대지만 외국인에게 허용하는 호주식 부분 개방이 거론돼 주택시장에 해외 수요가 일부 돌
n-bbg-0204	U	2026-10-08T01:54	consumer	1	AMC, 39.7억 달러 차입금 재조달 마무리…만기 2031·2033년으로	AMC엔터테인먼트가 도이체방크 특수상황그룹의 11억2천만 달러 2순위 대출을 포함한 39억7천만 달러 재조달을 마치면서, 부채의 약 97% 만기가 2031년과 2033년으로 밀려 당분간 만기 압박을
n-bbg-0205	U	2026-10-08T01:11	fin	1	퍼미라 루더 "AI 초대형 IPO가 사모펀드 회수 밀어내"	퍼미라의 브라이언 루더 공동 CEO가 앤스로픽·오픈AI 등 AI 초대형 상장에 투자자 관심이 쏠리면서 다른 기업이 같은 주목을 받기 어려워졌다고 밝혀, 사모펀드의 IPO를 통한 투자금 회수가 늦어질
n-bbg-0206	U	2026-10-07T23:56	industrial	1	美 FTC·농무부, 농기계 시장 관행 조사 착수…디어·CNH·AGCO 주가 5~6% 급락	미 FTC와 농무부가 농기계 제조사·딜러의 판매 구역 제한과 수리 끼워팔기 등 경쟁 제한 관행에 대한 의견 수렴에 나서자, 디어 주가가 약 5%, CNH와 AGCO가 각각 5.7%·5.9% 떨어졌다
n-bbg-0207	U	2026-10-07T22:07	fin	1	멕시코 기업들 국내 회사채 발행 서둘러…발행액 사상 최대	멕시코 기업들이 앞다퉈 국내 채권시장에서 자금을 조달하면서 현지 회사채 발행액이 사상 최대를 기록해, 멕시코 기업 자금 조달의 무게가 국내 시장으로 쏠리고 있다 (제목 기준)
n-bbg-0208	U	2026-10-07T22:01	macro	1	SK하이닉스 美 ADR 보호예수 해제…국내 주식 대비 38% 프리미엄 흔들	SK하이닉스 미국 ADR이 7월 나스닥 상장 후 90일 보호예수가 풀리는 시점에 한국 주식보다 38% 비싸게 거래되면서, 물량 출회로 아시아 최대 수준의 ADR 프리미엄이 줄어들 수 있다는 우려가 
n-bbg-0209	U	2026-10-07T21:46	power	1	영국 9월 풍력발전 최대에도 전력값 2배…가스가 가격 결정	영국 풍력발전이 9월 6.62TWh로 월간 최대를 기록해 가스 발전을 9월 기준 최저로 밀어냈지만, 한계비용 가스가 핵심 시간대 가격을 정하면서 전일시장 전력값은 MWh당 135파운드로 1년 전의 
n-bbg-0210	U	2026-10-07T21:34	power	1	유럽 방산 붐, 에너지 기술 기업에 새 자금줄로	유럽 각국의 국방비 확대로 방산 관련 투자 자금이 크게 늘면서, 에너지 기술 기업들이 방산 수요와 연결된 새로운 투자자와 자금 조달 경로를 얻게 됐다 (제목 기준)
n-bbg-0211	U	2026-10-07T21:00	pharma	1	세레반스 파킨슨병 먹는 신약 솔렌게프라스, 3상서 1차 목표 달성	세레반스가 하루 한 번 먹는 파킨슨병 신약 솔렌게프라스 3상에서 레보도파 병용 시 하루 운동 증상 악화 시간을 위약보다 0.61시간 줄여 1차 목표를 달성하면서, FDA와 신약 허가 신청 경로를 협
n-bbg-0212	U	2026-10-07T20:09	consumer	1	남아공 경쟁위, 통조림 공장 폐쇄 은폐 이유로 프리미어-RFG 합병 승인 취소 신청	남아공 경쟁위원회가 프리미어와 RFG가 심사 중 툴바흐 과일 통조림 공장 폐쇄 계획을 숨겼다며 약 60억 랜드 규모 합병 승인 취소를 신청하면서, 받아들여지면 프리미어가 RFG 인수를 되돌리거나 자
n-bbg-0213	U	2026-10-07T19:30	fin	1	유학생 대출사 엠파워 붕괴…트럼프 이민 단속에 ABS 수요 끊겨	유학생 대상 대출사 엠파워 파이낸싱이 짐바브웨 등 여행금지국 학생 대출 비중이 커진 상태에서 트럼프 정부의 이민 단속으로 자산유동화증권 수요가 끊기자 문을 닫으면서, 4억 달러 넘는 ABS 투자자와
n-bbg-0214	U	2026-10-07T19:00	consumer	1	가민, 스마트워치·어군탐지기 판매 호조에 주가 사상 최고	가민이 피트니스 매출 25%, 해양 매출 14% 증가에 힘입어 2분기 매출이 20억2000만 달러로 11% 늘고 연간 매출 전망을 약 80억5000만 달러로 올리면서, 스마트워치·어군탐지기 판매가 
n-bbg-0215	U	2026-10-07T18:35	macro	1	항셍테크 지수 30→50종목 확대…AI·하드웨어 중심 대개편, 12월 7일 시행	항셍지수회사가 항셍테크 지수 구성 종목을 30개에서 50개로 늘리고 매출 성장 기준과 AI·첨단 하드웨어 테마를 새로 넣기로 하면서, 올해 약 24% 떨어진 이 지수를 추종하는 약 371억 달러 자
n-bbg-0216	U	2026-10-07T18:30	consumer	1	나파밸리 고급 와인, 저가 브랜드 달고 팔린다	캘리포니아 나파밸리의 고급 와인이 값싼 상표를 달고 팔리면서, 소비자는 같은 고급 산지의 와인을 더 낮은 값에 살 수 있게 됐지만 고가 와인 브랜드의 가격 지위는 흔들릴 수 있다 (제목 기준)
n-bbg-0217	U	2026-10-07T17:23	pharma	1	상하이 앨리스트, 美 파트너 어라이벤트 폐암 임상 실패에 20% 급락	미국 어라이벤트가 앨리스트에서 들여온 폐암약 퍼모너티닙의 3상 임상이 1차 목표인 무진행생존 개선을 입증하지 못하면서, 어라이벤트 주가가 반토막 나고 개발사 앨리스트도 하한가인 20% 떨어졌다
n-bbg-0218	U	2026-10-07T17:00	auto	1	폭스바겐 영국 금융법인, 자동차금융 보상 충당금 7억2500만 파운드	폭스바겐 영국 금융법인이 금융감독청의 자동차금융 불완전판매 보상 제도에 대비해 7억2500만 파운드를 충당금으로 쌓으면서, 2025년 세후 3억5290만 파운드 적자로 돌아섰고 최종 비용은 더 달라
n-bbg-0219	U	2026-10-07T15:55	consumer	1	마이크 애슐리의 프레이저스, 언더아머 지분 8.8% 확보	스포츠다이렉트 모회사 프레이저스그룹이 주가가 역사적 저점 부근인 언더아머 주식 1,660만 주(지분 8.8%, 약 8천만 달러어치)를 사들이면서, 부진한 스포츠 브랜드 지분을 늘려온 프레이저스의 행
n-bbg-0220	U	2026-10-07T06:14	fin	1	FTSE 러셀, 튀르키예 '선진 신흥시장' 지위 유지…관찰 대상 지정 안 해	FTSE 러셀이 연례 국가 분류 심사에서 튀르키예를 관찰 대상에 올리지 않고 선진 신흥시장 지위를 유지하면서, 9월 펀드 131개 청산 명령으로 흔들린 튀르키예 증시가 지수 강등에 따른 자금 유출 
n-rtr-0013	U	2026-10-01	coal	0	콜인디아 9월 석탄 공급 6,120만 톤…12.5% 늘려도 발전소 재고는 바닥	인도 콜인디아가 9월 석탄 공급을 작년보다 12.5% 많은 6,120만 톤으로 늘렸지만, 전력 수요 급증과 수력 부진 탓에 석탄발전소 190곳 중 약 80곳의 재고가 위험 수준에 머물러 공급 확대가
n-rtr-0014	U	2026-10-01	macro	0	미 재무부, 이란 자동차·철도 산업 30곳 제재…봉쇄 속 남은 돈줄 겨냥	미 재무부가 이란 자동차 시장의 약 90%를 차지하는 이란 호드로·사이파와 국영 철도 등 30곳을 제재하면서, 해상 봉쇄로 원유 판매 수입이 끊긴 이란 정권이 기대던 자동차·철도 산업의 자금줄까지 
n-rtr-0015	U	2026-10-05	gas	0	ADNOC, 태국 걸프와 LNG 약 200만 톤 다년 공급 계약…2027년부터	UAE 국영 ADNOC가 태국 걸프 디벨롭먼트에 2027년부터 LNG 약 200만 톤을 여러 해에 걸쳐 공급하기로 하면서, 카타르산 의존이 컸던 태국이 호르무즈 차질 속에 조달처를 넓히게 됐다
n-rtr-0016	U	2026-10-05	jpins,macro	0	일본 30년물 금리 4.235% 사상 최고…다카이치 '국채 발행 억제'	일본 30년물 국채 금리가 10월 5일 사상 최고인 4.235%까지 오르자 다카이치 총리가 국회 연설에서 국채 발행을 억제하겠다고 밝혔지만, 식품 소비세 감세의 재원이 제시되지 않아 초장기 국채 매
n-rtr-0017	U	2026-10-05	gas	0	페트로나스 "LNG 구매자들, 25~28달러에도 주저 없이 산다"	말레이시아 국영 페트로나스가 구매자들이 100만 BTU당 25~28달러에도 LNG를 주저 없이 사고 있다고 밝히면서, 2022~2023년 위기 이후 가장 비싼 값에도 구매 수요가 아직 꺾이지 않았다
n-rtr-0018	R	2026-10-06	power	0	미 EIA, 미국 전력 사용 2년 연속 최대 전망…PJM 도매가 41% 상승	미국 에너지정보청이 10월 전망에서 미국 발전량이 2025년 4조 4,300억 kWh에서 2027년 4조 6,130억 kWh로 해마다 늘어난다고 보면서, 최대 전력망 PJM의 2026년 도매 전력값
n-rtr-0019	R	2026-10-06	power	0	유럽 풍력·태양광 관리 시스템 8,547개 인터넷에 노출…터빈 정지 화면까지 열려	네덜란드 연구진이 유럽 35개국 풍력·태양광 단지의 관리 시스템 8,547개가 인터넷에 그대로 노출돼 있다고 밝히면서, 터빈을 멈출 수 있는 조작 화면까지 열려 있어 발전 설비가 원격 공작에 당할 
n-rtr-0020	U	2026-10-07T20:49	uranium	2	독일 환경단체 이어 주정부 장관도 '러시아 원자로용 링겐 핵연료 공장 막아야'	독일 환경단체 분트가 로사톰 면허로 러시아형 원전 연료를 만들려는 프라마톰 링겐 공장 허가의 임시 정지를 법원에 신청한 데 이어 주정부 장관까지 공장을 막아야 한다고 나서면서, 불가리아 등 유럽 5
n-rtr-0021	U	2026-10-09T04:20	macro	8	아프리카 중앙은행들 물가 경계…케냐 8.75% 동결, 가나 물가 5.2%로 두 달째 상승	중동 전쟁발 유가 위험 속에 케냐 중앙은행이 기준금리를 8.75%로 네 번 연속 동결하고 가나 9월 물가가 5.2%로 두 달째 오르는 가운데 남아공도 2차 물가 파급 위험을 경고하면서, 아프리카 중
n-rtr-0022	U	2026-10-09T02:19	macro	7	IMF, 파키스탄과 12억 달러 실무합의…파푸아뉴기니·말라위·세네갈도 지원·채무조정 협상	IMF가 파키스탄과 연료 보조금 조기 폐지를 조건으로 약 12억 달러 지원 실무합의를 맺고 파푸아뉴기니·말라위와도 협상을 진척시키는 가운데, 세네갈은 12월까지 채권단과 채무조정 타결을 노리고 있어
n-rtr-0023	U	2026-10-09T08:19	macro	7	USA투데이, 오픈AI에 2.5억 달러 저작권 소송…AI 챗봇 책임·딥페이크 규제 확산	USA투데이가 AI 학습에 기사를 무단 사용했다며 오픈AI에 2억5천만 달러 이상을 청구하고 켄터키주가 캐릭터AI 소송의 자해 조장 대화를 공개하면서, AI 기업의 저작권·제품 책임 부담이 법정과 
n-rtr-0024	U	2026-10-09T06:34	macro	5	플라비우 보우소나루 약진에 브라질 자산 랠리…재무장관 후보·감세 재검토 거론	브라질 대선 1차 투표에서 플라비우 보우소나루가 예상보다 선전하면서 브라질 자산이 랠리했고, 보우소나루 측이 룰라 정부 세금의 전면 재검토를 약속하며 시장 친화 재무장관 후보를 물색해 정책 전환 기
n-rtr-0025	U	2026-10-08T22:48	macro	5	AI 거품 경고 잇따라…싱가포르 총리 "조정 불가피", 루빈 "美 경제 위험"	로런스 웡 싱가포르 총리가 AI 기술 랠리가 결국 조정을 맞을 것이라고 경고하고 로버트 루빈 전 재무장관과 한 전략가도 2008년 이후 최악의 S&P500 폭락 가능성을 거론하면서, AI 주도 증시
n-rtr-0026	U	2026-10-08T22:58	macro	5	흑해 상선 공격 잇따라…소치 앞 유조선 화재, 인도행 해바라기유 차질	러시아와 우크라이나가 겨울을 앞두고 흑해 상선 공격을 늘리면서 소치 앞바다에서 인도인 선원 23명이 탄 유조선이 무인정 공격에 불타고 불가리아 수역에서도 유조선이 침몰해, 인도행 해바라기유 화물이 
n-rtr-0027	U	2026-10-09T09:20	macro	5	AI 앞세운 감원 확산…FICO 15% 감축, HSBC 자산관리·아마존 소매 인력도 줄여	FICO가 AI 중심 구조조정으로 인력 15%를 줄이고 HSBC가 영국 자산관리 부문, 아마존이 소매 부문에서 1천 명 미만을 감원하면서, AI 도입과 비용 절감을 명분으로 한 사무직 일자리 축소가
n-rtr-0028	U	2026-10-09T12:59	pharma	4	바이오 상장 잇따라…이암빅 최대 8억 달러 몸값, 티렉스 1억1,670만 달러 조달	엔비디아가 투자한 신약개발사 이암빅이 기업가치 최대 8억580만 달러로 미국 상장에 나서고 일라이릴리가 투자한 티렉스바이오가 공모가 하단에서 1억1,670만 달러를 조달하는 등, 바이오·의료기기 기
n-rtr-0029	U	2026-10-09T04:24	agri	4	관측 사상 최강 엘니뇨 온다…내년 2월까지 지속, 인도 설탕 생산 전망 하향	세계기상기구가 엘니뇨가 12월 정점까지 세지고 2027년 2월까지 이어질 확률이 거의 100%라고 밝히면서, 미국 농무부가 인도 설탕 생산 전망을 크게 낮추는 등 아시아 작황과 농산물 가격에 부담이
n-rtr-0030	U	2026-10-09T04:39	macro	4	EU 집행위, 이탈리아·그리스 재정준칙 추가 유연성 요구에 '재정 신중' 제동	에너지값 대응을 위해 이탈리아는 인플레이션 반영을, 그리스는 한시 지원책의 순지출 한도 제외를 요구했지만 EU 집행위가 '매번 새 유연성을 줄 수 없다'며 사실상 거부하면서, 두 나라의 내년 예산 
n-rtr-0031	U	2026-10-09T09:43	fin	4	칼시, 주가지수·원유 무기한 선물로 상품 확대…NFL은 대법원에 주 규제 인정 요청	예측시장 칼시가 주가지수 무기한 선물을 내놓고 원유 무기한형 계약을 CFTC에 신청하며 상품을 넓히는 가운데, NFL이 39개 주와 함께 대법원에 예측시장을 주 도박법으로 규제하게 해달라고 요청해 
n-rtr-0032	U	2026-10-09T01:43	aero	4	항공유 고공행진에 항공사 압박…라이언에어 '2028년까지 고비용', 제트블루 채권 부실	이란 전쟁 이후 항공유가 전쟁 전보다 약 50% 비싸진 상태가 2028년까지 이어질 수 있다고 라이언에어 CEO가 경고하면서, 노르세는 감편을 유지하고 가루다는 추가 차입에 나서는 등 재무가 약한 
n-rtr-0033	U	2026-10-09T05:59	macro	6	베네수엘라산 원유 인도 수입 7년 만에 최대…미 업체 복귀 속 볼리바르는 급락	릴라이언스가 잼나가르 정유공장으로 베네수엘라 중질유를 대거 들여오며 10월 인도의 수입이 7년 만에 최대로 늘고 미국 소형 석유사도 유전 재가동에 나섰지만, 달러 공급이 줄며 볼리바르가 급락해 베네
n-rtr-0034	U	2026-10-09T13:00	macro	3	EU 1646건·英 38건 대러 제재 추가…그림자 선단·우회 결제망 겨냥	EU 대사들이 군수 공급망 중심의 대러 제재 대상 1646건을 승인하고 영국이 그림자 선단 유조선 12척과 우회 결제·가상자산 거래소 등 38건을 추가 제재하면서, 러시아의 원유 수출·결제 경로와 
n-rtr-0035	U	2026-10-08T23:36	consumer	3	펩시코, 북미 회복 지연·원가 부담에 연간 이익 전망 하향…비용 절감 확대	펩시코가 북미 음료 물량 2% 감소와 원가 상승으로 올해 핵심 주당순이익 증가율 전망을 2.5~3.5%로 낮추고 추가 구조적 비용 절감을 예고하면서, 엘리엇이 압박한 실적 목표 달성과 GLP-1 비
n-rtr-0036	U	2026-10-08T10:30	tech	3	美 주정부, SNS 청소년 보호 소송 압박…틱톡 '가짜 안전기능' 실험·메타 변경 요구	뉴욕주가 틱톡이 청소년을 포함한 이용자에게 작동하지 않는 '가짜' 피드 초기화 기능을 주고 체류 시간·광고 수익 영향을 실험했다고 소장에 추가하고 플로리다주는 메타에 페이스북·인스타그램 변경 명령을
n-rtr-0037	U	2026-10-08T16:10	gas	3	美 EPA 메탄 누출 규제 폐지 추진·EU 수입 메탄 규정 1년 연기…석유·가스 부담 완화	미국 EPA가 제3자가 감지한 대형 메탄 누출을 업체가 조사하도록 한 '슈퍼 배출원' 제도 폐지안을 며칠 안에 내놓겠다고 밝히고 EU도 2027년 1월 시행 예정이던 수입 석유·가스 메탄 보고 규정
n-rtr-0038	U	2026-10-09T04:47	macro	3	루비오 "우크라戰 위험한 교착"…위트코프·쿠슈너, 마이애미서 우크라와 협상	루비오 미 국무장관이 우크라이나 전쟁을 위험한 교착 상태라고 규정한 가운데 위트코프·쿠슈너 특사가 9일 마이애미에서 우크라이나 대표단과 만나 에너지·곡물 부분 휴전 등을 논의하기로 하면서, 겨울 전
n-rtr-0039	U	2026-10-09T04:29	aero	3	유럽·호주로 미국 무기 수출 잇따라…그리스 최대 40억 달러, 호주 토마호크 3억 달러	그리스가 F-16 개량과 첨단 미사일 구매에 최대 40억 달러를 쓰기로 하고 미 국무부가 호주 토마호크 운용 능력 3억 달러 판매를 승인한 데다 포르투갈도 F-35를 검토하면서, 동맹국 국방비 증액
n-rtr-0040	U	2026-10-09T01:39	metals	3	앵글로아메리칸 'EU가 MMG 니켈 매각 막으면 브라질 니켈 사업 폐쇄'	EU 집행위가 페로니켈의 유럽 공급 차질을 우려해 앵글로아메리칸의 브라질 니켈 사업 MMG 매각(최대 5억 달러)을 심층 심사하자 앵글로가 불허 시 폐쇄를 경고하고 MMG가 증거 무시라고 반발하면서
n-rtr-0041	U	2026-10-08T19:37	auto	3	테슬라 FSD 유럽 승인 속도…독일 지지·슬로바키아 승인 방침	테슬라가 EU에 감독형 FSD 승인을 거세게 압박하는 가운데 독일 교통부가 제한 속도 10% 이내 초과 허용 등에 합의하고 슬로바키아가 네덜란드 승인을 인정해 며칠 안에 승인하겠다고 밝히면서, EU
n-rtr-0042	U	2026-10-08T19:15	macro	3	인도네시아, 재정적자 3% 한도 지키려 긴축 지시…투자 유치엔 임대료 면제	인도네시아 재무장관이 올해 재정적자가 GDP의 2.85%로 3% 법정 한도에 다가서자 출장비 30% 삭감과 불요불급 지출 동결을 지시하는 한편 단안타라 산업단지 임대료 면제로 투자를 끌어들이려 하면
n-rtr-0043	U	2026-10-08T23:10	fin	2	미 대형은행 3분기 이익 최대 20% 증가 예상…금리 급등·딜 전망이 관건	미 대형은행들이 다음 주 3분기 실적 발표를 앞두고 투자은행·트레이딩 호조로 이익이 전년보다 최대 20% 늘 것으로 예상되지만, 최근 국채금리 급등이 인수합병과 대출 증가를 누르고 조달 비용을 높일
n-rtr-0044	U	2026-10-08T21:00	macro	2	앤트로픽, 상장 앞두고 '하이쿠 5.5' 출시…투자자들은 AI 통제 위험 값매기기 고심	앤트로픽이 11월 상장을 앞두고 5.5 계열 세 번째 모델 하이쿠 5.5를 저가로 내놓으며 제품군을 넓혔지만, 투자설명서에 AI가 종료를 거부할 수 있다는 위험과 매출의 4분의 1이 고객 2곳에 몰
n-rtr-0045	U	2026-10-08T19:28	industrial	2	CH로빈슨, RXO 58억 달러에 인수…美 1·3위 트럭 중개사 통합	디젤 비용 부담 속에 CH로빈슨이 경쟁사 RXO를 58억 달러에 인수해 미국 1위와 3위 트럭 화물 중개사를 합치고 2년 안에 연 3억 달러의 비용 절감을 노리면서, 화물 중개 업계의 통합이 빨라질
n-rtr-0046	U	2026-10-08T19:13	power	2	헝가리, 유럽 최고 전기요금 낮추려 에너지 개편…풍력 동결 해제·저장장치 3GW	헝가리 정부가 유럽에서 가장 비싼 기업용 전기요금과 80%가 넘는 에너지 수입 의존을 줄이려 신규 풍력 동결을 풀고 2028년까지 저장장치 3GW, 풍력 4GW를 늘리는 개편안을 내놓으면서, 풍력·
n-rtr-0047	U	2026-10-08T16:30	tech	2	보다폰, 英 보다폰쓰리 비용 절감 목표 2032년 연 10억 파운드로 상향	보다폰이 CK허치슨 지분 49%를 43억 파운드에 사들여 완전 소유한 영국 보다폰쓰리의 연간 비용 절감 목표를 2030년 7억 파운드에서 2032년 10억 파운드로 올리면서, 기지국을 약 3만700
n-rtr-0048	U	2026-10-08T08:58	power	2	LG엔솔 3분기 영업익 7560억…북미 ESS 수요로 분기 최대 매출	LG에너지솔루션이 북미 ESS용 배터리 생산을 늘리면서 3분기 매출 9조6434억원으로 분기 최대를 기록하고 영업이익도 7560억원으로 전년보다 25.7% 늘었지만, 미국 생산세액공제 4169억원을
n-rtr-0049	U	2026-10-07T20:37	agri	2	폭염·가뭄에 프랑스 와인 생산 약 3500만hL…상향에도 금세기 최저	프랑스 농업부 통계국이 랑그도크 수확 개선을 반영해 올해 와인 생산 추정치를 약 3500만hL로 소폭 올렸지만, 폭염·가뭄으로 5년 평균보다 14% 적어 금세기 최저 수준에 머물고 샹파뉴는 생산이 
n-rtr-0050	U	2026-10-09T14:18	consumer	2	美 명품 카드 지출 석 달째 감소…中 역외신탁 세무 단속까지 명품업계 이중고	미국 명품 카드 지출이 9월 전년 대비 6% 줄며 석 달째 감소한 가운데 중국이 역외신탁을 쓴 부유층에 10월 22일까지 밀린 세금을 신고·납부하라고 압박하면서, 루이비통·구찌 등 명품 브랜드의 양
n-rtr-0051	U	2026-10-09T13:26	macro	2	美, 중국 시험소 전자기기 인증 배제 표결·中 해킹업체 인프라 차단	미국 FCC가 미국행 전자기기 인증 시험에서 중국 시험소를 모두 배제하는 안을 10월 29일 표결하기로 하고 법무부·FBI가 중국 인테그리티 테크의 해킹 도구 도메인 7개를 압류하면서, 기기 제조사
n-rtr-0052	U	2026-10-09T06:59	pharma	2	케네디 美 보건장관, 백신 부작용 연구 추진…법원은 백신자문위 임명 차단 심리	케네디 보건장관이 NIH에 백신 부작용 진료소를 열고 부작용 신고 확대를 추진하는 한편 연방항소법원은 그가 임명한 CDC 백신자문위원 13명의 직무 정지 명령을 심리하면서, 자문위가 회의를 열지 못
n-rtr-0053	U	2026-10-09T02:01	aero	2	에어버스 9월 72대 인도…연 870대 목표엔 4분기 323대 필요	에어버스가 9월 72대를 인도해 1~9월 누적 547대로 8% 늘었지만 연간 목표 약 870대를 맞추려면 4분기에 323대를 인도해야 하고, 비만방글라데시항공은 A350·A321neo 10대를 처음
n-rtr-0054	U	2026-10-09T01:35	fin	2	이탈리아 은행 쟁탈전 격화…칼타지로네 MPS 방어안 반대, 제네랄리는 방카제네랄리 인수설	몬테데이파스키 지분 10.26%를 가진 칼타지로네가 인테사의 인수 시도를 막으려는 MPS의 방코BPM·방카제네랄리 인수안에 반대표를 던지기로 하고 제네랄리의 방카제네랄리 인수설까지 나오면서, 10월
n-rtr-0055	U	2026-10-08T23:52	pharma	2	美 남부 주들, 낙태약을 '공공 방해'로 소송…FDA 안전성 검토는 내년 3월로	루이지애나·앨라배마·아칸소주가 낙태약 원격 처방·우편 배송을 공공 방해로 규정해 소송을 낸 가운데 FDA가 미페프리스톤 안전성 검토를 2027년 3월까지 마치고 그 전엔 새 제한을 두지 않겠다고 밝
n-rtr-0056	U	2026-10-08T21:07	fin	2	튀르키예 펀드 거품 붕괴…중앙은행 "전염 위험 없다", 청산 특별법 국회 제출 임박	튀르키예 자본시장위원회가 자산 약 183억 달러 규모 펀드 131개의 청산을 명령한 가운데 중앙은행이 금융 시스템 전염 위험은 없다며 추가 개입 의지를 밝히고 여당은 펀드 청산 특별법을 곧 국회에 
n-rtr-0057	U	2026-10-08T17:21	auto	2	태국 홍수 산업 피해 1억 7,800만 달러…부품사 가동 중단에 도요타·혼다 생산 차질	태국 홍수로 아마타 공단의 자동차 부품 공장 10여 곳이 멈추면서 도요타·혼다·이스즈·포드·닛산의 생산이 차질을 빚었고, 태국산업연맹이 산업 피해 추정치를 약 60억 바트(1억 7,800만 달러)로
n-rtr-0058	U	2026-10-08T15:53	gas	2	에퀴노르, 정제마진·LNG 트레이딩 호조에 3분기 마케팅 이익 가이던스 상회	에퀴노르가 유럽 정제마진 급등과 LNG 트레이딩 최적화로 3분기 마케팅·미드스트림 부문 이익이 분기 가이던스 4억 달러를 넘을 것이라고 밝히고 북해 굴팍스 남부에서 가스를 새로 발견하면서, 유럽 연
n-rtr-0059	U	2026-10-08T13:39	macro	2	태국 "美 무역협정 마지막 문단"…베트남도 협상 대부분 마무리	태국 아누틴 총리가 미국과의 상호무역협정이 '마지막 문단' 단계라며 11월 트럼프의 아시아 방문 때 서명을 희망하고 베트남도 대미 협상이 대부분 끝났다고 밝히면서, 동남아 수출품에 붙는 미국 관세 
n-rtr-0060	U	2026-10-08T02:21	macro	2	무디스, 사하라 이남 아프리카 국가 전망 '긍정적'으로…AU는 첫 자체 신용평가사 출범	무디스가 개혁 성과와 원자재 강세, 자금 조달 여건 개선을 들어 사하라 이남 아프리카 국가 신용 전망을 긍정적으로 바꾸고 아프리카연합이 첫 자체 신용평가사를 출범시키면서, 역내 국가의 차입 비용이 
n-rtr-0061	U	2026-10-08T00:29	macro	2	과열되는 베트남 경제…은행들 70억 달러 증자 추진, 물가는 목표 웃돌아	베트남 대출이 9월 말 기준 1년 새 16.69% 불어나 경제가 과열되는 가운데 은행들이 대출 여력을 늘리려 70억 달러 가까운 신주 발행을 추진하고 중앙은행은 물가가 목표보다 높다고 인정하면서, 
n-rtr-0062	U	2026-10-09T13:42	macro	1	싱가포르, 성장 호조·물가 위험에 14일 세 번째 통화 긴축 나설 듯	싱가포르통화청이 AI 수요에 기댄 강한 성장과 유가발 물가 위험에 4월·7월에 이어 10월 14일 통화정책을 다시 조일 것으로 로이터 설문 응답자 10명 전원이 예상하면서, 싱가포르달러 환율 정책밴
n-rtr-0063	U	2026-10-09T12:10	aero	1	이재명 대통령, 극초음속 미사일 시험 발사 참관	이재명 대통령이 극초음속 미사일 시험 발사를 직접 참관하면서, 한국이 개발 중인 극초음속 무기가 시험 발사 단계에 와 있다는 사실이 공개적으로 드러났다 (제목 기준)
n-rtr-0064	U	2026-10-09T11:24	consumer	1	코카콜라, 51억 달러에 산 코스타 커피 매각 재추진	코카콜라가 2018년 51억 달러에 인수했지만 성장시키지 못한 코스타 커피를 올해 초 사모펀드 입찰 부진으로 중단했던 매각 절차를 다시 추진하고 있다고 세마포가 보도하면서, 실패한 커피 사업 확장을
n-rtr-0065	U	2026-10-09T09:57	consumer	1	맥도날드, AI 가격 추천 도구로 가맹점 가격 담합 혐의 집단소송 피소	맥도날드가 비공개 거래 데이터로 학습한 AI 가격 추천 도구로 미국 가맹점 메뉴 가격을 사실상 조율했다는 집단소송이 시카고 연방법원에 제기되면서, 알고리즘 가격 책정에 대한 반독점 소송이 호텔·부동
n-rtr-0066	U	2026-10-09T09:56	fin	1	아멕스 은행, 자금세탁 방지 부실로 3억 5,000만 달러 벌금…10년간 130억 달러 의심 거래	미 통화감독청(OCC)이 아메리칸익스프레스 내셔널뱅크의 자금세탁 방지 체계 부실로 3억 5,000만 달러 벌금과 시정명령을 내리고 연준도 모회사에 조치하면서, 아멕스는 의심 거래 재점검과 내부통제 
n-rtr-0067	U	2026-10-09T08:54	metals	1	콜롬비아 '쯔진, 투자자 모집하며 광산 보안 위험 축소'	콜롬비아 정부가 중국 쯔진광업이 투자자 자금을 모으는 과정에서 현지 광산의 보안 위험을 축소해 알렸다고 지적하면서, 쯔진의 콜롬비아 광산 사업과 자금 조달에 대한 정부 압박이 커지고 있다 (제목 기
n-rtr-0068	U	2026-10-09T07:16	aero	1	사우스웨스트, 보잉 787로 장거리 국제선 진출 검토	단거리 국내선 위주의 미국 사우스웨스트항공이 보잉 787 광동체기를 들여 장거리 국제선에 나서는 방안을 검토하면서, 보잉의 787 수주와 미국 대형 항공사들과의 국제선 경쟁 구도가 달라질 수 있다 
n-rtr-0069	U	2026-10-09T07:13	tech	1	구글, 파산 스피릿항공 내부 데이터 AI 학습용 인수…의원 100여 명 제동	구글이 파산한 스피릿항공의 직원 이메일 약 1억 건 등 내부 기록을 1000만 달러에 사들여 AI 학습에 쓰려 하자 의원 100여 명이 개인정보 재식별 위험을 들어 제동을 걸면서, 10월 14일 법
n-rtr-0070	U	2026-10-09T06:53	industrial	1	EU, 킹스팬에 4천만 유로 벌금…슬로베니아 트리모 인수 심사 때 허위 자료	EU 집행위원회가 아일랜드 단열재 업체 킹스팬이 무산된 슬로베니아 트리모 인수 심사에서 부정확하고 오해 소지 있는 자료를 냈다며 위반 4건에 4천만 유로 벌금을 부과하면서, 킹스팬은 전면 항소에 나
n-rtr-0071	U	2026-10-09T06:37	consumer	1	KKR 보유 음료 위탁생산사 레프레스코, 기업가치 100억 달러 이상 IPO 검토	KKR이 2022년 약 80억 달러에 인수한 세계 최대 독립 음료 위탁생산업체 레프레스코가 미국이나 유럽에서 기업가치 100억 달러 이상을 노린 상장을 검토하면서, 채권 금리 상승으로 흔들린 가을 
n-rtr-0072	U	2026-10-09T06:33	consumer	1	英 온라인 의류업체 아소스, 해킹으로 일부 고객 개인정보 유출	영국 온라인 패션업체 아소스가 보안 침해로 일부 고객의 개인정보가 노출됐다고 밝히면서, 회사가 고객 신뢰 하락과 영국 개인정보 보호 당국 대응 부담을 안게 될 수 있다 (제목 기준)
n-rtr-0073	U	2026-10-09T06:08	aero	1	RTX 레이시온, 대규모 미국 미사일 계약 따내	RTX 자회사 레이시온이 미국 정부의 대규모 미사일 계약을 따내면서, 미 국방부의 미사일 조달 확대가 레이시온의 수주 잔고와 향후 생산 물량을 늘리게 됐다 (제목 기준)
n-rtr-0074	U	2026-10-09T05:49	pharma	1	아젠엑스, 쇼그렌증후군 비브가트 임상 중단…주가 급락	벨기에 바이오기업 아젠엑스가 대표 약물 비브가트의 쇼그렌증후군 임상시험을 중단하면서 주가가 급락했고, 비브가트의 적응증 확대 기대가 줄어들 수 있다 (제목 기준)
n-rtr-0075	U	2026-10-09T04:46	gas	1	중재재판부 '벤처글로벌, 갈프와의 LNG 공급 계약 위반'	국제 중재재판부가 미국 LNG 수출업체 벤처글로벌이 포르투갈 에너지기업 갈프와 맺은 LNG 공급 계약을 위반했다고 판정하면서, 벤처글로벌이 갈프에 배상 책임을 질 수 있게 됐다 (제목 기준)
n-rtr-0076	U	2026-10-09T04:31	auto	1	英 법원, 160만 명 디젤 배출가스 소송 항소 불허…벤츠·포드 등 車업체 유리	영국 고등법원이 벤츠·포드·닛산 등 자동차 업체에 유리했던 7월 디젤 배출가스 판결에 대해 원고 측 항소 허가를 거부하면서, 약 160만 명의 집단 소송은 항소법원에 직접 기대야 하는 처지가 됐다
n-rtr-0077	U	2026-10-09T03:49	fin	1	딜로이트, 영국 교통운영사 고어헤드 그룹 감사 부실로 벌금	영국에서 교통운영사 고어헤드 그룹의 회계감사가 부실했다는 이유로 딜로이트에 벌금이 부과되면서, 대형 회계법인의 감사 품질에 대한 영국의 제재가 이어지고 있다 (제목 기준)
n-rtr-0078	U	2026-10-09T03:48	industrial	1	악조노벨·액설타 합병, EU 반독점 조건부 승인 전망	페인트·코팅업체 악조노벨과 액설타의 합병이 EU 집행위원회로부터 조건부 반독점 승인을 받을 것으로 알려지면서, 일부 사업 매각 등 시정조치를 전제로 거래 성사에 한 걸음 다가설 전망이다 (제목 기준
n-rtr-0079	U	2026-10-09T03:26	aero	1	모로코·이스라엘 합작 방산업체 MMI, 2027년 3월 포탑 첫 납품 목표	모로코·이스라엘 합작 방산업체 MMI가 2027년 3월 포탑 납품을 목표로 제시하면서, 모로코 안에서 무기 부품을 생산하려는 계획과 양국 방산 협력이 구체적인 납품 일정 단계로 들어선다 (제목 기준
n-rtr-0080	U	2026-10-09T03:19	pharma	1	글라우코스, 원추각막 치료제 에피옥사 1회 시술 3년 효과 유지 확인	글라우코스가 원추각막 치료제 에피옥사의 3년 추적 결과 한 번 시술한 환자들의 시력과 각막 형태 개선이 추가 처치 없이 유지됐다고 밝히면서, 각막 상피를 벗기지 않는 이 치료법의 장기 효과 근거가 
n-rtr-0081	U	2026-10-09T02:47	pharma	1	FDA, 뉴론 조현병 신약 임상 보류 이유로 사망 4건 지목	미 FDA가 뉴론의 조현병 신약 에베나마이드 투여 환자 사망 4건을 부정맥 가능성이 배제되지 않은 안전성 신호로 지목하고 미국 내 3상 임상 보류를 유지하면서, 뉴론 주가가 약 8.5% 떨어지고 신
n-rtr-0082	U	2026-10-09T01:43	macro	1	나이지리아, 연료비 변동 줄이려 휘발유 가격 상한제 제안	나이지리아가 연료비 변동성을 줄이기 위해 휘발유 가격 상한제를 제안하면서, 시행되면 현지 정유·유통업체가 받을 수 있는 휘발유 판매가에 상한이 생길 수 있다 (제목 기준)
n-rtr-0083	U	2026-10-09T01:19	industrial	1	트레비 "웨빌드 상향 인수가는 적정가치 범위 하단"	이탈리아 지반공사업체 트레비가 웨빌드의 상향된 인수 제안가를 자사 적정가치 범위의 하단에 해당한다고 평가하면서, 웨빌드의 제안가가 트레비가 보는 적정가치 범위 안에 들어오게 됐다 (제목 기준)
n-rtr-0084	U	2026-10-09T01:07	auto	1	아우디 CEO, 폐쇄 위기 공장 노동자에 '실행 가능한 해법 필요'	아우디 최고경영자가 폐쇄 위기에 놓인 공장 노동자들에게 공장을 살리려면 실행 가능한 해법을 내놓아야 한다고 밝히면서, 이 공장의 존속 여부와 일자리가 노사 협상 결과에 달리게 됐다 (제목 기준)
n-rtr-0085	U	2026-10-09T01:01	pharma	1	보스턴사이언티픽, 심장 시술 도구 특허 침해로 J&J 자회사 제소	보스턴사이언티픽이 존슨앤드존슨이 올해 인수한 아트라버스 메디컬의 심방세동 시술용 천자 도구 '핫와이어'가 자사 특허를 침해했다며 델라웨어 연방법원에 손해배상과 판매 금지를 청구하면서, 심장 전기생리
n-rtr-0086	U	2026-10-09T00:41	aero	1	덴마크 '러시아가 자국 방산업체에 사보타주 공격'	덴마크 정부가 러시아가 자국 방산업체들을 겨냥해 사보타주 공격을 벌였다고 밝히면서, 우크라이나 지원과 맞물린 유럽 방산 공급망이 물리적 공격 위험에 노출돼 있음이 드러났다 (제목 기준)
n-rtr-0087	U	2026-10-09T00:29	consumer	1	쿠팡, 개인정보 유출 과징금 4억 6,200만 규모에 불복 소송	쿠팡이 개인정보 유출로 한국 당국에서 받은 4억 6,200만(제목상 단위 미표기) 규모 과징금에 불복해 소송을 내면서, 과징금 확정과 실적 반영 시점이 법원 판단 뒤로 미뤄질 수 있다 (제목 기준)
n-rtr-0088	U	2026-10-08T23:57	fin	1	싱가포르 세비오라, 산하 자산운용사 3곳 통합	싱가포르 자산운용 그룹 세비오라가 산하 자산운용사 3곳을 하나로 통합하기로 하면서, 계열사별로 나뉘어 있던 운용 조직과 상품이 한 회사로 모여 운용 규모를 키우고 중복 비용을 줄일 수 있다 (제목 
n-rtr-0089	U	2026-10-08T23:48	agri	1	미국 농가 부채 6,050억 달러로 사상 최대…공식 통계가 과소 집계 가능성	농가 파산 증가로 은행들이 대출을 조이자 미국 농민들이 농자재 업체·장비 제조사·핀테크 등 비전통 대출처로 몰리면서, 사상 최대인 6,050억 달러 농가 부채가 공식 통계보다 더 클 수 있다는 지적
n-rtr-0090	U	2026-10-08T23:39	pharma	1	비아트리스, 비마약성 진통제 퍼시라 16억 5,000만 달러에 인수	비아트리스가 비마약성 수술 후 진통제 엑스파렐을 가진 퍼시라 바이오사이언스를 주당 36.5달러, 총 16억 5,000만 달러에 현금 인수하기로 하면서, 복제약 중심에서 신약 사업으로 무게를 옮기고 
n-rtr-0091	U	2026-10-08T23:11	metals	1	아람코, 유전서비스업체 NESR과 사우디 리튬 사업 공동 개발 합의	사우디 아람코와 중동 유전서비스업체 NESR이 사우디에서 리튬 사업을 함께 개발하기로 합의하면서, 석유 기업과 유전 서비스 업체가 배터리 원료 공급망에 발을 들이는 사우디의 리튬 확보 시도가 구체화
n-rtr-0092	U	2026-10-08T22:57	power	1	이탈리아 에너지돔, 대규모 자금 유치 막바지 협상…IPO도 열어 둬	이탈리아 에너지 저장 업체 에너지돔이 대규모 자금 유치를 위한 막바지 협상을 하면서 기업공개 가능성도 열어 둬, 협상이 끝나면 사업 확장 재원을 확보하고 상장 시점을 저울질할 수 있다 (제목 기준)
n-rtr-0093	U	2026-10-08T22:29	aero	1	모로코 항공우주 수출, 50억 달러로 늘 수 있다…업계 단체 전망	모로코 항공우주 업계 단체가 자국 항공우주 수출이 50억 달러 규모로 늘어날 수 있다고 전망하면서, 항공기 부품 공급망에서 모로코의 비중이 커질 수 있다 (제목 기준)
n-rtr-0094	U	2026-10-08T22:03	consumer	1	아마존, 첫 안드로이드 태블릿 출시…가격 올리고 알렉사 탑재	아마존이 안드로이드를 쓴 첫 태블릿을 내놓으면서 가격을 올리고 음성비서 알렉사를 넣어, 아마존 태블릿을 사려는 소비자는 이전보다 비싼 값을 치르게 됐다 (제목 기준)
n-rtr-0095	U	2026-10-08T21:46	macro	1	ASML·자이스 '차세대 반도체 노광기술, 10년 뒤에나 준비될 수도'	네덜란드 ASML과 독일 광학업체 자이스가 차세대 반도체 노광기술이 실제로 쓰일 수 있으려면 10년가량 걸릴 수 있다고 밝히면서, 칩 제조사들은 당분간 현 세대 극자외선 장비로 미세화를 이어가야 할
n-rtr-0096	U	2026-10-08T21:45	auto	1	폴스타 분기 판매 소폭 증가…미국 판매 금지 임박	스웨덴·중국계 전기차업체 폴스타의 분기 판매가 소폭 늘었지만 미국 판매 금지가 다가오면서, 폴스타의 미국 시장 판매가 막혀 실적 회복이 더뎌질 수 있다 (제목 기준)
n-rtr-0097	U	2026-10-08T21:37	aero	1	佛 나발그룹, 유럽 국방비 증가에 역내 수주 공략 강화	프랑스 군함 건조업체 나발그룹이 유럽 각국의 국방비가 늘어나는 흐름에 맞춰 유럽 시장 영업을 강화하면서, 잠수함·수상함 등 해군 함정 발주를 둘러싼 역내 조선·방산업체 간 수주 경쟁이 거세질 수 있
n-rtr-0098	U	2026-10-08T21:11	macro	1	인도 GST 위원회, 세무 공무원 체포권 폐지·기소 기준 5천만 루피로 상향	인도 GST 위원회가 세무 공무원의 체포 권한을 없애고 기소 기준을 1천만 루피에서 5천만 루피로 올리는 등 처벌 규정을 완화하면서, 내년 4월부터 기업의 세무 처벌 부담과 신고·환급 절차 부담이 
n-rtr-0099	U	2026-10-08T21:01	macro	1	엔비디아 투자 받은 업스케일 AI, 경쟁사 칩끼리 잇는 연결 플랫폼 출시	엔비디아가 투자한 스타트업 업스케일 AI가 서로 다른 공급업체의 AI 칩을 하나로 연결하는 플랫폼을 내놓으면서, 데이터센터 운영사가 특정 업체 칩에 묶이지 않고 여러 회사 칩을 섞어 쓸 길이 넓어질
n-rtr-0100	U	2026-10-08T20:54	fin	1	佛 크레디아그리콜, 소매금융 앞세워 독일 시장 확장 추진	프랑스 크레디아그리콜이 독일에서 소매금융 사업으로 영역을 넓히기로 하면서, 유럽 최대 경제국인 독일의 개인·소기업 금융 시장에서 기존 은행과 외국계 은행 간 경쟁이 거세질 수 있다 (제목 기준)
n-rtr-0101	U	2026-10-08T20:51	power	1	루비오 국무장관 '미국, 지중해 해저 전력 케이블 지지'	루비오 미 국무장관이 지중해 해저 전력 케이블 사업에 미국이 계속 힘을 싣겠다고 밝히면서, 이 국가 간 송전망 사업이 미국의 외교적 뒷받침을 받게 됐다 (제목 기준)
n-rtr-0102	U	2026-10-08T20:29	macro	1	전 RBA 인사 "AI 붐, 금리 올라도 호주 물가 자극할 것"	호주중앙은행(RBA) 전직 인사가 AI 붐이 금리 인상에도 불구하고 호주 인플레이션을 부추길 것이라고 밝히면서, RBA의 긴축이 길어지거나 추가 인상 압력이 생길 수 있다 (제목 기준)
n-rtr-0103	U	2026-10-08T20:26	tech	1	이탈리아, EU 지원 받아 마이크로소프트 게임 자회사 조사 착수	이탈리아 당국이 EU의 지원을 받아 마이크로소프트가 소유한 게임 회사들에 대한 조사에 나서면서, 마이크로소프트 게임 사업이 유럽에서 새로운 규제 위험을 안게 됐다 (제목 기준)
n-rtr-0104	U	2026-10-08T20:03	auto	1	美 25% 관세 직격탄…멕시코 9월 자동차 수출 12% 급감, 생산 15% 감소	미국이 멕시코산 차량에 매기는 25% 관세 영향으로 멕시코의 9월 경차량 수출이 27만 7,369대로 1년 전보다 12% 줄고 생산도 약 15% 감소하면서, 닛산·GM·포드 등 멕시코 생산 거점 업
n-rtr-0105	U	2026-10-08T19:48	metals	1	잠비아, 보건 협정과 분리해 미국과 광물 협정 협상 중	구리 생산국 잠비아가 미국과의 보건 협정을 광물 문제와 떼어낸 뒤 별도의 광물 협정을 협상하고 있다고 밝히면서, 미국의 아프리카 핵심광물 확보 움직임이 잠비아로 넓어지고 있다 (제목 기준)
n-rtr-0106	U	2026-10-08T19:39	consumer	1	伊 검찰, 캄파리 회장 탈세 혐의 재판 회부 추진	이탈리아 검찰이 주류업체 캄파리의 회장을 탈세 혐의로 재판에 넘기려 하면서, 지배주주 쪽 경영진의 법적 위험이 캄파리 지배구조 논란으로 번질 수 있다 (제목 기준)
n-rtr-0107	U	2026-10-08T19:27	consumer	1	유니클로 패스트리테일링, 연매출 3조9633억엔·사업이익 30% 증가	유니클로 운영사 패스트리테일링이 8월 결산 연도에 매출 3조9633억엔(16.6% 증가), 사업이익 7184억엔(30.4% 증가)을 내면서도 올해는 사업이익 증가율을 15.5%로 낮춰 잡아 이익 성
n-rtr-0108	U	2026-10-08T19:15	macro	1	ECB 분슈 총재, 은행 무이자 지급준비율 인상안에 반대	ECB가 손실을 줄이고 물가 대응 차원에서 은행 초과 유동성의 무이자 예치를 늘리는 지급준비율 인상을 논의하는 가운데 분슈 벨기에 중앙은행 총재가 준재정 수단이라며 반대하면서, 은행 부담 확대안 추
n-rtr-0109	U	2026-10-08T18:26	agri	1	독일 설탕업체 쥐트추커, 상반기 매출 대체로 보합	독일 설탕업체 쥐트추커가 상반기 매출이 전년과 대체로 비슷한 수준을 유지했다고 발표하면서, 외형은 버텼지만 매출 성장은 멈춘 흐름이 이어지고 있다는 점이 확인됐다 (제목 기준)
n-rtr-0110	U	2026-10-08T18:17	pharma	1	화이자, 이탈리아에서 약 330명 감원…비용 절감 이어가	화이자가 이탈리아에서 약 330개 일자리를 줄이기로 하면서, 대형 제약사의 비용 절감이 유럽 현지 인력 축소로 이어지고 이탈리아 내 화이자 사업장 운영 규모가 줄어들 수 있다 (제목 기준)
n-rtr-0111	U	2026-10-08T17:53	agri	1	가나 코코아위원회, 농가 수매 자금 2억8800만 확보	가나 코코아 규제기관이 농가에서 코코아를 사들일 자금 2억8,800만(달러 추정)을 확보하면서, 이번 시즌 농가 대상 코코아 수매 대금을 치를 재원이 마련됐다 (제목 기준)
n-rtr-0112	U	2026-10-08T17:31	fin	1	영국 애버딘, 스탠다드라이프 지분 절반으로 축소	영국 자산운용사 애버딘이 보유한 보험사 스탠다드라이프 지분을 절반으로 줄이기로 하면서, 두 회사의 자본 관계가 느슨해지고 매각 대금이 애버딘에 유입된다 (제목 기준)
n-rtr-0113	U	2026-10-08T17:25	realestate	1	인도 부동산개발사 브리게이드, 3년간 40억 달러 넘게 투자	인도 부동산개발사 브리게이드가 앞으로 3년 동안 40억 달러가 넘는 돈을 개발 사업에 투자하겠다고 밝히면서, 인도 부동산 시장의 신규 공급 물량이 늘어날 수 있다 (제목 기준)
n-rtr-0114	U	2026-10-08T16:25	consumer	1	세븐&아이, 2분기 영업이익 11% 감소…일본 편의점 부진	세븐일레븐 모회사 세븐&아이의 6~8월 영업이익이 1,273억 엔으로 11% 줄면서, 북미 휘발유 판매로 해외 편의점 이익은 늘었지만 판관비 증가에 일본 편의점 이익이 9.8% 줄어든 부담이 드러났
n-rtr-0115	U	2026-10-08T15:54	gas	1	미·러, 우크라이나 전쟁 중 유럽에 가스 판매 방안 모색	미국과 러시아가 우크라이나 전쟁이 이어지는 가운데 유럽에 가스를 판매하는 방안을 함께 검토하고 있다고 소식통들이 전하면서, 러시아산 가스를 줄여 온 유럽의 가스 수급 구도가 바뀔 수 있다 (제목 기
n-rtr-0116	U	2026-10-08T15:27	auto	1	포비아 헬라, 완성차 2곳서 배터리 전력 부품 '에너지코어' 수주	자동차 부품업체 포비아 헬라가 완성차업체 두 곳에서 전기차 배터리 전력 관리용 에너지코어 솔루션을 수주하면서, 전기차 전력 부품 분야에서 회사의 매출 기반이 넓어질 전망이다 (제목 기준)
n-rtr-0117	U	2026-10-08T15:18	auto	1	다임러트럭 3분기 판매 26% 증가…북미 트럭 51% 급증	다임러트럭의 3분기 판매가 9만1260대로 전년보다 약 26% 늘었고 특히 북미 트럭이 4만5629대로 약 51% 급증하면서, 부진했던 북미·유럽 대형트럭 수요가 회복 국면에 들어선 모습이다
n-rtr-0118	U	2026-10-08T15:18	macro	1	미국, 미얀마 군부와 직접 대화 개시…수년간의 고립 정책 뒤집어	미국이 수년간 유지해 온 미얀마 군부 고립 정책을 뒤집고 군 장성들과 직접 대화를 시작하면서, 서방 제재로 막혀 있던 미얀마와의 외교·경제 관계에 변화가 생길 수 있다 (제목 기준)
n-rtr-0119	U	2026-10-08T14:57	fin	1	인도 결제주 하락…UPI 가맹점 수수료 도입 지연 보도 여파	인도 정부가 UPI 결제에 가맹점 수수료(MDR)를 다시 매기는 조치를 미룰 것이라는 보도가 나오면서, 수수료 수익 회복을 기대하던 인도 결제업체 주가가 일제히 떨어졌다 (제목 기준)
n-rtr-0120	U	2026-10-08T12:25	consumer	1	크리스챤 디올, 새 지분구조 앞두고 이사 2명 교체	LVMH 지배 지주사 크리스챤 디올 이사회가 새 지분구조 도입을 앞두고 이사 2명을 교체하면서, 아르노 일가의 LVMH 지배구조 재편이 다음 단계로 넘어가고 있다 (제목 기준)
n-rtr-0121	U	2026-10-08T11:53	consumer	1	프라이스라인 모회사, 제휴사 호텔 광고로 FTC 제재 직면	프라이스라인 모회사가 제휴사들의 호텔 광고 문제로 미국 연방거래위원회(FTC)의 제재 조치를 받게 될 것이라고 소식통들이 전하면서, 온라인 여행 플랫폼의 광고 관행에 규제 부담이 커질 수 있다 (제
n-rtr-0122	U	2026-10-08T11:32	auto	1	美, 오로라 자율주행 트럭에 안전장비 규정 면제	미국 정부가 자율주행 트럭 업체 오로라에 기존 트럭 안전장비 규정의 적용을 면제해 주면서, 운전자 없는 대형 트럭의 상업 운행을 가로막던 규제 장벽 하나가 낮아졌다 (제목 기준)
n-rtr-0123	U	2026-10-08T08:06	fin	1	웨불 주가 급락…"美 하원 위원회, 중국 연계 문제 제기" CNBC 보도	미 하원 위원회가 온라인 증권사 웨불의 중국 연계를 문제 삼았다는 CNBC 보도가 나오면서 웨불 주가가 급락해, 중국 연계 핀테크 기업에 대한 미국 의회의 규제·안보 압박이 주가 위험으로 번지고 있
n-rtr-0124	U	2026-10-08T06:52	aero	1	제너럴다이내믹스, 내부 인사 대니 딥을 차기 CEO로 선임	미국 방산업체 제너럴다이내믹스가 내부 출신 대니 딥을 차기 최고경영자로 정하면서, 잠수함·전투차량·걸프스트림 사업을 거느린 회사가 외부 영입 없이 경영 승계를 진행하게 됐다 (제목 기준)
n-rtr-0125	U	2026-10-08T05:51	fin	1	레볼루트 CEO "서유럽 해킹 피해 고객 비용 보상"	영국 핀테크 레볼루트의 최고경영자가 서유럽에서 데이터 해킹 피해를 본 고객들의 비용을 회사가 부담하겠다고 밝히면서, 보상 비용과 함께 디지털 은행의 보안 관리에 대한 감독 당국과 고객의 점검이 강해
n-rtr-0126	U	2026-10-08T05:17	shipping	1	UPS, 연말 성수기 앞두고 임시직 10만 명 채용	UPS가 연말 쇼핑 성수기 배송 물량에 대비해 임시직 10만 명을 채용하기로 하면서, 미국 연말 소비와 택배 물동량이 예년 수준을 유지할 것이라는 회사의 판단이 드러났다 (제목 기준)
n-rtr-0127	U	2026-10-08T05:02	pharma	1	질랜드·로슈 비만 신약, 2상서 체중 최대 9.2% 감량	덴마크 질랜드파마와 로슈가 함께 개발하는 비만 신약이 중기 임상에서 환자 체중을 최대 9.2% 줄였다고 발표하면서, 두 회사가 비만약 시장 후발 주자로서 후기 임상 진입 여부를 가늠할 근거를 얻었다
n-rtr-0128	U	2026-10-08T04:53	fin	1	소송금융업체 옴니브리지웨이, 10억 달러 자금 조달	호주 소송금융업체 옴니브리지웨이가 10억 달러를 조달하면서, 기업 소송 비용을 대신 대고 승소금 일부를 받는 소송금융 시장으로 기관 자금이 계속 흘러들고 있다 (제목 기준)
n-rtr-0129	U	2026-10-08T04:44	pharma	1	미 FDA, 노바티스 약 만성 피부질환 적응증 확대	미 FDA가 노바티스 약의 사용 범위를 만성 피부질환으로 넓히면서, 노바티스가 해당 질환 환자에게도 이 약을 판매할 수 있게 돼 처방 대상이 늘어나게 됐다 (제목 기준)
n-rtr-0130	U	2026-10-08T03:55	metals	1	탄자니아 금광 사망 사건, 런던 금 인증기관·정련사 상대 소송 중심에	탄자니아 금광에서 발생한 사망 사건이 런던의 금 인증기관과 정련사들을 상대로 한 소송의 핵심 쟁점이 되면서, 금 정련사의 공급망 책임과 원산지 인증 관리에 대한 압박이 커질 수 있다 (제목 기준)
n-rtr-0131	U	2026-10-08T03:38	tech	1	엘리엇·시리스, 보유 기업 기가몬 20억 달러 이상에 매각 검토	행동주의 헤지펀드 엘리엇과 사모펀드 시리스캐피털이 공동 보유한 기가몬을 20억 달러 이상에 파는 방안을 검토하고 있다고 소식통이 전하면서, 기가몬이 새 주인을 맞을 수 있다 (제목 기준)
n-rtr-0132	U	2026-10-08T03:12	aero	1	사우디, 플라이두바이 항공기 사고 안전 조사 착수	사우디아라비아가 두바이 저가항공사 플라이두바이 항공기 관련 사고에 대해 항공 안전 조사에 착수하면서, 후티 공격으로 걸프 항공 운항이 흔들리는 가운데 역내 항공사의 안전 점검 부담이 커질 수 있다 
n-rtr-0133	U	2026-10-08T02:59	aero	1	브라질 당국, 아메리칸항공의 아줄 투자 승인	브라질 규제당국이 아메리칸항공의 브라질 항공사 아줄 투자를 승인하면서, 아줄이 미국 대형 항공사의 자본을 받아들일 수 있게 돼 남미 항공시장의 미국 항공사 제휴 구도가 넓어지고 있다 (제목 기준)
n-rtr-0134	U	2026-10-08T02:52	industrial	1	英 바닥재 유통사 헤드램, 법정관리 들어가며 상장폐지	영국 바닥재 유통업체 헤드램이 경영난을 견디지 못하고 법정관리에 들어가 런던 증시에서 상장폐지되면서, 기존 주주가 투자금을 회수할 가능성이 크게 낮아졌다 (제목 기준)
n-rtr-0135	U	2026-10-08T02:51	gas	1	에어프로덕츠, 말레이시아 페트로나스 합작사에 LNG 냉열 공기분리설비 건설	미국 산업가스업체 에어프로덕츠가 말레이시아에서 페트로나스 주도 합작사와 함께 LNG 냉열을 활용하는 공기분리설비를 짓기로 하면서, LNG 기화 과정에서 버려지던 냉열로 산소·질소를 더 싸게 생산하는
n-rtr-0136	U	2026-10-08T02:44	auto	1	佛 부품사 OP모빌리티, 2026년 목표 하향·유럽 770명 감원	프랑스 자동차 부품업체 OP모빌리티가 2026년 실적 목표를 낮추고 유럽에서 770명을 감원하기로 하면서, 유럽 완성차 생산 부진이 부품 공급망의 구조조정으로 번지고 있다 (제목 기준)
n-rtr-0137	U	2026-10-08T02:39	fin	1	웰스파고, 흑인 주택 보유 확대 프로그램 놓고 규제당국 조사	웰스파고가 흑인 가구의 주택 보유를 늘리려던 대출 프로그램을 두고 규제당국의 조사를 받게 됐다고 월스트리트저널이 보도하면서, 인종을 고려한 금융 지원에 대한 감독 압박이 은행권으로 번질 수 있다 (
n-rtr-0138	U	2026-10-08T02:21	industrial	1	파이어플라이 로보틱스, 나스닥 직상장 신청	로봇업체 파이어플라이 로보틱스가 신주 공모 없이 기존 주식을 거래소에 올리는 나스닥 직상장을 신청하면서, 로봇 기업에 대한 공개시장 투자 수요를 가늠할 시험대가 될 수 있다 (제목 기준)
n-rtr-0139	U	2026-10-08T01:34	shipping	1	로사톰, 델로 지분 100% 확보…러시아 최대 물류그룹 탄생	러시아 국영 원자력기업 로사톰이 물류그룹 델로의 지분을 모두 확보해 러시아 최대 물류그룹을 만들면서, 러시아 항만·컨테이너 운송에서 국영기업의 영향력이 커지게 됐다 (제목 기준)
n-rtr-0140	U	2026-10-08T01:04	industrial	1	서클8, 스리 인수 제안 기한 연장 받아	인수 제안자 서클8이 영국 인력파견업체 스리에 대한 인수 제안 기한을 연장받으면서, 인수 협상이 계속 이어지게 됐고 스리의 매각 여부에 대한 결론은 뒤로 미뤄졌다 (제목 기준)
n-rtr-0141	U	2026-10-08T00:54	fin	1	美 소비자금융보호국 검사관들, 압박·위협 속 검사 강도 완화	미국 소비자금융보호국(CFPB) 검사관들이 내부 압박과 위협 속에 금융회사 검사를 느슨하게 하고 있다고 소식통이 전하면서, 은행·핀테크 등 소비자금융 회사들의 규제 부담이 줄어들 수 있다 (제목 기
n-rtr-0142	U	2026-10-08T00:54	pharma	1	인도 선파마, 비전환 회사채 발행으로 자금 조달 검토	인도 최대 제약사 선파마슈티컬이 회사채(디벤처) 발행으로 자금을 조달하는 방안을 검토하면서, 현금이 많은 제약사가 차입을 늘리는 배경과 자금 용도에 시장의 관심이 쏠리고 있다 (제목 기준)
n-rtr-0143	U	2026-10-07T23:41	pharma	1	WHO, 아동 비만 대책으로 GLP-1 약보다 생활습관 개선 권고	세계보건기구가 아동 비만 대응에서 GLP-1 계열 비만약보다 식단·운동 같은 생활습관 개선을 우선 권고하면서, 비만약 제약사들이 노려 온 소아 시장 확대에 신중론이 더해졌다 (제목 기준)
n-rtr-0144	U	2026-10-07T23:18	power	1	한국, 2035년까지 에너지 전환 계획 발표	한국 정부가 2035년까지의 에너지 전환 계획을 내놓으면서, 앞으로 10년간 재생에너지·전력망 등 전력 설비 투자와 발주의 방향이 이 계획에 맞춰 정해질 전망이다 (제목 기준)
n-rtr-0145	U	2026-10-07T22:43	fin	1	케냐 인프라펀드, 260억 규모 시드 자본으로 첫 투자 개시	케냐 인프라펀드가 260억 규모의 시드 자본을 자산 매입 방식으로 투입하기 시작하면서, 정부 재정 부담을 덜고 민간 자금을 끌어들이는 인프라 투자 경로가 가동되고 있다 (제목 기준)
n-rtr-0146	U	2026-10-07T22:33	fin	1	인도 NSE, 수요 몰린 해외 ETF 고평가 경고	인도국립증권거래소(NSE)가 해외 주식 ETF로 수요가 몰려 일부 상품 가격이 비싸지자 투자자들에게 주의를 당부하면서, 해외 주식에 쏠린 인도 개인 투자자들이 고평가된 가격에 사들이는 손실 위험이 
n-rtr-0147	U	2026-10-07T21:42	auto	1	메르세데스 3분기 판매 8% 감소…중국 부진 지속, 전기차는 증가	메르세데스-벤츠의 3분기 승용차 판매가 중국 수요 부진이 이어지며 8% 줄었지만 전기차 판매는 늘면서, 최대 시장 중국의 약세가 독일 고급차 업체의 판매를 계속 누르고 있다 (제목 기준)
n-rtr-0148	U	2026-10-07T21:10	macro	1	콜롬비아, 연기금 해외투자 상한 법령 철회	콜롬비아 정부가 연기금의 해외투자에 상한을 두는 법령을 철회하면서, 연기금이 해외 자산 비중을 유지하거나 늘릴 길이 열려 페소화와 국내 자산시장 수급에 영향을 줄 수 있다 (제목 기준)
n-rtr-0149	U	2026-10-07T20:37	power	1	우드매켄지 "싱가포르, 2035년 녹색전력 수입 목표 못 채울 것"	에너지 컨설팅사 우드매켄지가 싱가포르의 2035년 저탄소 전력 수입 목표가 달성되지 못할 것으로 전망하면서, 가스발전 의존이 큰 싱가포르의 전력 탈탄소 일정과 역내 해저 송전망 사업이 늦어질 수 있
n-rtr-0150	U	2026-10-07T20:30	shipping	1	독일, 중국 코스코로의 물류회사 매각 차단	독일 정부가 자국 물류회사를 중국 국영 해운사 코스코에 파는 거래를 막으면서, 항만·물류 같은 핵심 기반시설에 대한 중국 자본의 유럽 진출이 다시 제동이 걸렸다 (제목 기준)
n-rtr-0151	U	2026-10-07T19:27	power	1	남아공, 배터리 저장장치·가스발전 사업 우선 추진	남아공 에너지부가 배터리 저장장치와 가스발전 사업을 우선 추진하겠다고 밝히면서, 전력난을 겪는 남아공의 신규 발전 조달이 저장장치·가스 쪽으로 쏠리고 관련 사업자의 수주 기회가 늘 수 있다 (제목 
n-rtr-0152	U	2026-10-07T18:47	power	1	폴란드 첫 해상풍력 발틱파워, 터빈 76기 설치 완료	노스랜드파워와 오를렌이 폴란드 첫 해상풍력 단지 발틱파워의 터빈 76기 설치를 모두 마치면서, 폴란드 전력망에 해상풍력 전력이 처음으로 들어가기 위한 시운전·연결 단계만 남게 됐다
n-rtr-0153	U	2026-10-07T18:07	fin	1	영국 PRA, 규제 적용 기준을 GDP에 연동하는 방안 제안	영국 건전성감독청(PRA)이 은행 규제 적용 기준 금액을 GDP 성장에 연동하는 방안을 제안하면서, 경제 규모가 커져도 중소 은행이 자동으로 더 무거운 규제를 받는 일이 줄어들 수 있다 (제목 기준
n-rtr-0154	U	2026-10-07T17:47	drilling	1	아커BP 노르웨이 대형 유전 사업비 증가…정부 예산안서 드러나	노르웨이 정부 예산안에서 아커BP가 운영하는 대륙붕 대형 개발 사업들의 비용이 기존 추정보다 늘어난 것으로 나타나면서, 해양 유전 개발 비용 상승이 석유회사 수익성과 투자 일정에 부담이 될 수 있다
n-rtr-0155	U	2026-10-07T16:37	consumer	1	라코스테, 파리 패션쇼 앞두고 CEO 해임	프랑스 패션 브랜드 라코스테가 파리 런웨이 쇼를 앞두고 최고경영자를 해임했다고 소식통들이 전하면서, 브랜드 경영과 전략 방향에 공백이 생길 수 있다 (제목 기준)
n-rtr-0156	U	2026-10-07T16:26	tech	1	EU 집행위, 대기업 과세로 빅테크 세금 부과 구상(FT)	EU 집행위원회가 대형 기업 전반에 매기는 세금을 통해 빅테크에도 세금을 물리는 방안을 검토하고 있다고 FT가 전하면서, 미국 대형 IT기업의 유럽 내 세 부담이 늘어날 수 있다 (제목 기준)
n-rtr-0157	U	2026-10-07T15:55	consumer	1	인도 타이탄, 축제 시기 어긋나 9월 분기 귀금속 성장 둔화…주가 하락	인도 최대 보석업체 타이탄이 올해 축제 시즌 시기가 늦어져 9월 분기 귀금속 매출 증가세가 둔화했다고 밝히면서 주가가 밀려, 인도 귀금속 소비 회복 속도에 대한 의구심이 커지고 있다 (제목 기준)
n-rtr-0158	U	2026-10-07T15:37	consumer	1	일본 대형 맥주회사들, 담합 혐의로 압수수색	일본 당국이 주요 맥주회사들을 담합 혐의로 압수수색하면서, 몇몇 대기업이 나눠 가진 일본 맥주시장의 가격 결정 관행이 제재 대상에 오를 수 있다 (제목 기준)
n-rtr-0159	U	2026-10-07T14:25	fin	1	우간다, 단고테 정유 지분의 자국 투자자 판매 승인	우간다 당국이 나이지리아 단고테 정유 주식을 자국 투자자에게 판매하는 것을 승인하면서, 아프리카 최대 정유소의 지분 공모가 나이지리아 밖 동아프리카 투자자로 넓어지고 있다 (제목 기준)
n-rtr-0160	U	2026-10-07T14:09	industrial	1	보스턴다이내믹스, 아마존 AI 책임자 출신 로힛 프라사드 CEO 선임	로봇업체 보스턴다이내믹스가 아마존에서 AI 개발을 이끈 로힛 프라사드를 새 최고경영자로 선임하면서, 회사가 밝힌 대로 AI를 접목한 로봇의 상용화에 경영의 무게를 싣게 됐다
n-rtr-0161	U	2026-10-07T13:31	metals	1	인도 철강부, 값싼 수입 철강 추가 규제 요청 안 할 듯	인도 철강부가 값싼 수입 철강에 대한 새 규제를 요청하지 않을 것으로 정부 소식통이 전하면서, 중국 등의 저가 철강 유입을 막아 달라는 인도 철강업계의 추가 보호 기대가 약해지고 수입재 가격 압박이
n-rtr-0162	U	2026-10-07T12:10	macro	1	말레이시아 2027년 예산, 총선 앞두고 생활비·재정위험 대응	말레이시아 정부가 총선을 앞둔 2027년 예산안에서 생활비 부담 완화와 재정 위험 관리를 함께 다루려 하면서, 선심성 지출과 재정 건전화 사이의 균형이 예산의 관건이 됐다 (제목 기준)
n-rtr-0163	U	2026-10-07T10:16	metals	1	BHP, 캄발다 니켈 선광장·광구 골드필즈에 매각	BHP가 서호주 캄발다의 니켈 선광 설비와 광구를 금광업체 골드필즈에 매각하기로 하면서, BHP의 니켈 자산 정리가 이어지고 골드필즈는 캄발다 일대 사업 기반을 넓히게 된다 (제목 기준)
n-rtr-0164	U	2026-10-07T10:15	gas	1	셰브론, 헤스 미드스트림 지분과 DJ 분지 원유 미드스트림 자산 매각	셰브론이 헤스 미드스트림 보유 지분과 DJ 분지 원유 미드스트림 자산 지분을 팔기로 하면서, 파이프라인 등 미드스트림 자산을 정리해 현금을 확보하고 해당 자산은 새 소유주에게 넘어가게 됐다 (제목 
n-rtr-0165	U	2026-10-07T10:09	fin	1	美 법원, 라디언트 관련 뉴욕연은 문서 소환 허가…펀드 측 요청 수용	미국 판사가 한 펀드에 라디언트 월드 관련 뉴욕 연방준비은행 문서를 소환할 수 있도록 허가하면서, 라디언트 사건을 둘러싼 소송에서 뉴욕연은 내부 자료가 증거로 쓰일 수 있게 됐다 (제목 기준)
n-rtr-0166	U	2026-10-07T09:29	aero	1	안두릴·미 해군, 잠수함 부품 생산 확대 위해 공동 투자	방산 스타트업 안두릴과 미 해군이 잠수함 부품 생산을 늘리기 위해 함께 투자하기로 하면서, 병목이 이어져 온 미국 잠수함 건조 공급망의 부품 생산능력이 확대될 전망이다 (제목 기준)
n-rtr-0167	U	2026-10-07T09:09	aero	1	美 FAA, 상업 우주발사 규제 간소화 추진	미국 연방항공청(FAA)이 상업 우주발사 관련 규정을 간소화하는 방안을 추진하면서, 민간 발사업체의 인허가 부담이 줄고 발사 빈도가 늘어날 수 있다 (제목 기준)
n-rtr-0168	U	2026-10-07T06:32	consumer	1	코로나 맥주 컨스텔레이션 브랜즈, 2분기 실적 예상 상회	코로나 맥주를 파는 컨스텔레이션 브랜즈가 견조한 수요에 힘입어 2분기 실적에서 시장 예상을 웃돌면서, 미국 수입 맥주 수요가 버티고 있다는 신호로 주류 업계 실적 눈높이를 지지할 수 있다 (제목 기
n-rtr-0169	U	2026-10-07T05:40	macro	1	IMF '헤지펀드 시장 영향력 커져 감독 강화 필요'	IMF가 헤지펀드의 시장 내 비중이 커지고 있다며 더 면밀한 감독이 필요하다고 지적하면서, 레버리지를 쓰는 비은행 투자자에 대한 규제 논의가 확대될 수 있다 (제목 기준)
n-rtr-0170	U	2026-10-07T05:15	consumer	1	텍사스 법무장관, 프루트오브더룸·헤인스 아동용품 유해물질 조사	켄 팩스턴 텍사스주 법무장관이 프루트오브더룸과 헤인스의 아동용 제품에 잠재적 유해 화학물질이 들어 있는지 조사에 나서면서, 두 의류업체가 소송과 제품 회수 부담을 질 수 있다 (제목 기준)
n-rtr-0171	U	2026-10-07T03:15	fin	1	보우먼 연준 부의장 "은행 감독 책임 체계 전면 개편 계획"	미셸 보우먼 연준 감독 담당 부의장이 연준의 은행 감독 책임 체계를 개편할 계획이라고 밝히면서, 감독 권한과 검사 방식이 바뀌어 미국 은행들의 규제 부담과 감독 강도가 달라질 수 있다 (제목 기준)
n-rtr-0172	U	2026-10-07T02:35	tech	1	AT&T, 블랙록 GIP·CPP인베스트먼츠와 광통신 합작사 설립	AT&T가 블랙록 산하 GIP, 캐나다 연기금 CPP인베스트먼츠와 광통신 합작사를 세우면서, 광케이블 구축 비용 일부를 외부 인프라 투자자와 나눠 지게 됐다 (제목 기준)
n-rtr-0173	U	2026-10-07T01:19	macro	1	튀르키예 중앙은행 총재 "디스인플레이션 다시 속도…신중 기조 유지"	튀르키예 중앙은행 총재가 물가 둔화가 다시 속도를 낼 것이라며 신중한 통화정책 기조를 유지하겠다고 밝히면서, 리라화 자산에 대한 급격한 금리 인하 기대는 제한될 수 있다 (제목 기준)
n-tg-0102	R	2026-10-02T21:33	macro	0	도시바, AI 데이터센터용 HDD 생산능력 2배로…필리핀에 600억 엔 투자	도시바가 필리핀 공장에 약 600억 엔을 투자해 2027회계연도 안에 AI 데이터센터용 HDD 생산능력을 2배로 늘리기로 하면서, 메모리 부족으로 대용량 HDD 수요가 몰리는 가운데 3사가 과점한 
n-tg-0103	U	2026-10-06T05:39	coal,macro	0	러시아 공습에 우크라 철강 90% 멈춰…"최악엔 GDP 7% 손실" 추산	러시아 공습으로 우크라이나 철강 생산의 약 90%가 멈추면서, 최악의 경우 국내총생산의 6.5~7%에 이르는 손실과 50억~70억 달러의 외화 수입 감소가 생길 수 있다는 추산이 나왔다
n-tg-0104	R	2026-10-06T06:17	macro	0	오픈AI, 1조 4,000억 달러 가치로 300억 달러 조달 협의…UAE·블랙록	오픈AI가 MGX 등 UAE 펀드·블랙록과 최소 300억 달러 조달을 협의하면서, 3월 8,520억 달러였던 기업가치를 약 1조 4,000억 달러로 끌어올린 값에 2027년 이후로 미룬 상장 전까지
n-tg-0105	U	2026-10-06T07:37	uranium	0	웨스팅하우스, 미국 APR1400 2기 기술료 인상 요구…역무·연료도 재협상	웨스팅하우스가 미국에 지을 한국형 원전 APR1400 2기에 지난해 합의한 1기당 1억 7,500만 달러보다 높은 기술사용료를 요구하면서, 역무·핵연료 공급권까지 재협상에 올라 팀코리아의 몫이 줄 
n-tg-0106	R	2026-10-06T09:20	macro	0	메타·MS, 직원 클로드 사용 축소…메타 사용자 절반·MS 예산 3분의 1 줄여	메타와 마이크로소프트가 자체 코딩 도구로 갈아타며 직원들의 클로드 사용을 줄이면서, 메타 내부 클로드 코드 사용자가 약 6만 명에서 3만 명으로 줄어 상장을 앞둔 앤트로픽의 대형 고객 매출에 부담이
n-tg-0107	R	2026-10-06T09:51	macro	0	싱가포르 데이터센터 운영사 데이원, 나스닥 상장 신청…상반기 매출 3.4배	싱가포르 데이터센터 운영사 데이원이 미국 나스닥 상장을 신청하면서, 상반기 매출이 5억 1,200만 달러로 1년 새 3배 넘게 늘었지만 순손실도 7,720만 달러로 불어난 AI 데이터센터 사업이 공
n-tg-0108	R	2026-10-06T13:24	macro	0	씨티·JP모건 등 글로벌 은행, 아시아 GPU 담보 대출 검토	씨티·JP모건 등 글로벌 은행들이 아시아에서 GPU를 담보로 잡는 대출을 검토하면서, 2050년까지 8조 2,000억 달러로 추정되는 아시아 데이터센터 투자의 하드웨어 구매 자금줄이 넓어질 수 있다
n-tg-0109	R	2026-10-06T14:15	macro	0	딥시크, 800억 위안 이상 투자 유치 임박…텐센트·CATL 주도	딥시크가 텐센트·CATL 주도로 최소 800억 위안(약 120억 달러) 투자 유치를 앞두면서, 당초 목표 500억 위안을 크게 넘긴 자금이 연산 설비와 모델 학습에 들어가고 2027년 상장 준비의 
n-tg-0110	U	2026-10-06T15:52	drilling	0	중국 초심층 유전 누적 2,600만 톤 돌파…심해 류화도 200만 톤	중국이 지하 6,000m 아래 사막 초심층과 남중국해 심해 유전 개발을 넓히면서 페트로차이나 하더·푸만 유전의 초심층 누적 생산이 2,600만 석유환산톤을 넘어, 에너지 자급을 위한 국내 증산이 이
n-tg-0111	U	2026-10-06T18:49	petchem,macro	0	골드만 "경유 고가 2027년까지"…경유·항공유 크랙 40달러 넘을 전망	골드만삭스가 중동 정유설비 하루 약 200만 배럴이 멈춰 있고 재고도 얇다며 2027년 세계 경유·항공유 크랙 스프레드가 평소(약 20달러)의 두 배인 배럴당 40달러를 넘을 것으로 보면서, 정유사
n-tg-0112	U	2026-10-09T11:17	macro	7	사우디 주도 대후티 반격 개시…튀르키예 방공 지원, 시리아도 파병 검토	후티 반군이 미사일로 사우디 공항과 석유시설을 겨냥하는 가운데 메카 방위협정을 발동한 사우디가 반격에 나서고 튀르키예가 드론 운용병과 방공 지원을, 시리아가 군사 지원을 검토하면서 걸프 석유 인프라
n-tg-0113	U	2026-10-06T20:48	gas	0	에너지 트랜스퍼, 델라웨어 분지 바케로 미드스트림 26억 2,500만 달러에 인수	에너지 트랜스퍼가 바케로 미드스트림을 26억 2,500만 달러에 사들여 델라웨어 분지 가스관 약 300마일과 하루 6억 7,500만 입방피트 처리설비를 얻으면서, 퍼미안 가스를 자사 NGL·수출 설
n-tg-0114	R	2026-10-06T21:17	macro	0	TSMC 성숙공정 인상 여파…PMIC·DDI·MCU 업체도 가격 인상 검토	TSMC가 내년 1월부터 성숙공정 가격을 최대 10% 올릴 것으로 알려지면서, 전력관리칩·디스플레이 구동칩·MCU 공급사들이 연말부터 제품 가격을 5%에서 두 자릿수까지 올리는 방안을 검토하고 있다
n-tg-0115	R	2026-10-06T23:54	macro	0	마벨, 2028회계연도 매출 목표 200억 달러로…2031년 최대 900억 달러	마벨이 투자자의 날에서 2028회계연도 매출 목표를 약 200억 달러로 올리면서, AI 데이터센터 연결·맞춤형 칩 수요가 길게 이어진다는 회사 전망이 월가 예상치(182억 달러)를 웃돌았다
n-tg-0116	U	2026-10-08T18:00	macro	5	중동 원유 흐름 회복에 인도는 러시아산 외면…이라크는 시리아 경유 호르무즈 우회로 추진	호르무즈 원유 물동량이 전쟁 전의 76%까지 회복되자 인도 정유사들이 웃돈이 붙은 러시아산 구매를 줄였고 이라크는 시리아를 거치는 트럭·송유관 우회로를 추진하면서, 걸프 원유의 수출 경로와 아시아 
n-tg-0117	R	2026-10-07T06:27	macro	0	미 EIA, 4분기 브렌트 전망 105달러로 14달러 올려…중동 수출 제한 탓	미 EIA가 중동 원유 수출 제한이 연말까지 이어져 4분기 하루 450만 배럴 생산이 묶인다고 보고 4분기 브렌트 전망을 배럴당 105달러로 한 달 새 14달러 올리면서, 미국 난방유 가구의 겨울 
n-tg-0118	R	2026-10-07T06:49	macro	0	난야, D램 계약가 최대 20% 추가 인상 통보…9월 매출 또 사상 최대	대만 난야과기가 고객사에 D램 계약가격을 최대 20% 더 올리겠다고 통보하면서, 중국 업체 증설로 가격이 안정될 것이라던 시장 예상이 약해지고 고객사의 D램 구매 단가가 더 오를 수 있다
n-tg-0119	R	2026-10-07T07:41	power	0	포스코퓨처엠, 삼성SDI에 6조 원 규모 LFP 양극재 공급…2027~2032년	포스코퓨처엠이 삼성SDI와 2027~2032년 약 6조 원 규모의 LFP 양극재 장기 공급계약을 맺으면서, 삼성SDI는 미국 규제에 걸리지 않는 비중국계 양극재를 확보해 ESS용 배터리 수요에 대응
n-tg-0120	R	2026-10-07T08:21	macro,petchem	0	중국 민영 정유사, 이란산 끊기자 이라크·카타르 원유 최소 1,200만 배럴 매입	미국의 이란 해상봉쇄로 9월 중국의 이란산 원유 수입이 하루 59만 배럴로 2023년 1월 이후 최저로 줄자, 중국 민영 정유사들이 이라크·카타르산 원유를 최소 1,200만 배럴 사들이며 대체 원료
n-tg-0121	R	2026-10-07T08:44	petchem,macro	0	러 볼고그라드 정유소 드론 피해로 전면 중단…베네수엘라 카르돈도 화재로 멈춰	루코일 볼고그라드 정유소(하루 약 28만 배럴)가 드론 공격으로 10월 2일 원유 처리를 전부 멈춘 데 이어 베네수엘라 카르돈 정유소도 6일 화재로 서면서, 이미 연료난을 겪는 러시아의 경유·휘발유
n-tg-0122	U	2026-10-08T22:05	macro	6	AI 장비가 세계 교역 견인…WTO 성장률 3.9%로 상향, 대만 9월 수출 61% 급증	반도체·서버 등 AI 장비 교역이 상반기 67% 늘면서 WTO가 올해 상품교역 증가율 전망을 1.9%에서 3.9%로 올리고 대만 9월 수출이 사상 최대인 872억 달러를 기록해, 미국 수입 급증과 
n-tg-0123	U	2026-10-07T10:20	uranium	0	글로벌 아토믹, 다사 우라늄 광산 자금 공백 1억 달러…브리지론·선급금 추진	글로벌 아토믹이 니제르 다사 우라늄 광산의 미 DFC 대출을 인출하기 전 남은 자금 공백 약 1억 달러를 브리지론과 전력회사 선급금으로 메우려 하면서, 성사되지 않으면 추가 증자로 주주 지분이 희석
n-tg-0124	U	2026-10-09T14:13	metals	7	中 23개월째 금 매입 속 인도, 은행 금 수입 3% 세금 면제 폐지	중국 인민은행이 9월 금값 하락에도 금 보유를 23개월 연속 늘린 가운데, 인도가 은행·지정기관의 금·은·백금 수입에 대한 3% 통합부가세 면제를 없애면서 인도 내 금 수입 비용과 현지 프리미엄이 
n-tg-0125	U	2026-10-09T14:36	macro	18	인도 금리 인상에도 루피 사상 최저 근접…RBI 추가 긴축 신호, 외환보유액 감소	인도중앙은행이 약 4년 만에 기준금리를 5.50%로 올리고 추가 인상 가능성을 내비쳤지만 루피가 달러당 96.85로 사상 최저 근처까지 밀리고 외환보유액이 4주째 줄면서, 자금 유출과 물가 압력이 
n-tg-0126	R	2026-10-07T15:10	macro,jpins	0	일본 8월 실질임금 1.5% 올라 8개월 연속 상승…약 10년 만의 최장	일본 8월 실질임금이 1.5% 올라 8개월 연속 상승하면서 일본은행 추가 금리 인상의 근거가 쌓였지만, 전기·가스 보조금이 9월 사용분부터 끊겨 물가가 다시 오르면 상승세가 꺾일 수 있다
n-tg-0127	U	2026-10-09T13:38	power	8	데이터센터 전력난에 반발 확산…샌프란시스코 45일 신설 중단, 오라클은 가스 트럭	미국 데이터센터 전력 부족이 2028년 32GW로 추산되는 가운데 샌프란시스코·오클랜드가 신규 데이터센터를 45일간 막고 스페인·인도에서도 규제와 주민 반발이 커지면서, 전력망 연결이 늦어진 사업자
n-tg-0128	R	2026-10-07T17:31	macro	0	마이크론 대만 타오위안 노조, 찬성 99%로 파업권 확보	마이크론 대만 타오위안 공장 노조가 찬성률 99%로 파업권을 확보하면서, 마이크론의 주요 D램·HBM 생산 거점에서 실제 파업이 벌어지면 메모리 생산에 차질이 생길 수 있다
n-tg-0129	U	2026-10-09T00:46	macro	18	英 국채금리 19년 만에 최고…주택대출 공급 축소·카드 연체 17년 최장 증가	유가 급등에 영국 10년물 국채금리가 5.5% 안팎으로 2007년 이후 최고에 오르고 30년물이 6%를 넘으면서, 금리 인상 우려에 은행들이 3년 만에 처음 주택대출 공급을 줄이고 카드 연체가 17
n-tg-0130	U	2026-10-07T22:58	macro	4	휘발유세 유예 검토 이어 난방유 21% 상승 전망…트럼프, 중간선거 앞 연료비 압박	트럼프 대통령이 갤런당 18.4센트 연방 휘발유세 유예를 검토하는 가운데 미 에너지정보청(EIA)이 올겨울 난방유 가구 지출이 21% 늘 것으로 전망하고 북동부 민주당 의원들이 대책을 요구하면서, 
n-tg-0131	R	2026-10-07T22:18	macro,petchem	0	오만만 선적 VLCC 하루 116만 달러에 계약…최근 거래보다 30만 달러 높아	에쓰오일이 오만만에서 한국으로 원유를 실어 올 DHT 홀딩스의 VLCC를 하루 116만 2,000달러에 빌리면서, 최근 오만만 계약(72만~86만 달러)보다 운임이 약 30만 달러 뛰어 한국 정유사
n-tg-0132	U	2026-10-09T12:52	macro	8	중국, EU의 하이브리드차 수출 자율제한 요구 거부…EU는 관세할당·무역적자 압박	EU가 7월 월 5만 대까지 늘어난 중국산 하이브리드차를 시장의 약 15%로 묶는 수출 자율제한을 요구했으나 중국이 WTO 위반이라며 거부하면서, 초과분에 관세를 매기는 EU의 한시 세이프가드 도입
n-tg-0133	R	2026-10-08T01:36	macro	0	IIF "9월 신흥국 주식서 192억 달러 유출"…한국 주식 매도가 주도	국제금융협회(IIF) 집계에서 9월 신흥국 주식시장의 외국인 자금 192억 달러가 빠져나갔고 그 중심이 한국 주식 매도여서, 코스피 반도체 대형주에 외국인 매도 압력이 몰렸다
n-tg-0134	R	2026-10-08T05:57	macro	0	스페이스X 5년물 CDS 190bp대로 사상 최고…400억 달러 부채 조달 여파	스페이스X가 엔비디아 칩 구매용 400억 달러 부채 조달을 추진하면서 5년물 CDS 프리미엄이 190bp대로 거래 시작 이후 최고를 기록해, AI 인프라 차입 확대에 대한 채권시장의 신용 우려가 커
n-tg-0135	R	2026-10-08T07:18	macro	0	SK하이닉스 솔리다임, 미국 IPO 주관사에 골드만·모건스탠리 선정	SK하이닉스의 낸드 자회사 솔리다임이 내년 미국 상장 대표 주관사로 골드만삭스·모건스탠리를 고르면서, 약 100억 달러를 조달하는 AI 데이터센터용 SSD 업체 공모 준비가 구체화되고 있다
n-tg-0136	U	2026-10-08T07:54	macro	3	삼성 영업익 107조·TSMC 매출 사상 최대에도 주가 하락…AI 호황 지속성 의문	삼성전자가 분기 영업이익 107조 4,000억 원, TSMC가 분기 매출 1조 4,900억 대만달러로 나란히 사상 최대 실적을 냈지만 차입에 기댄 AI 호황이 이어질지 의문이 커지면서, 삼성 주가는
n-tg-0137	U	2026-10-08T08:05	uranium	0	산업부 "대미 원전 8기 사업 2028년께 구체화"…웨스팅하우스 대가엔 상한	산업통상부가 한미 대형 원전 8기(1,200억 달러) 사업이 2028년께 미국에서 구체화될 것이라며 연내 협상 타결을 목표로 내놓으면서, 웨스팅하우스에 줄 기술료·역무·핵연료 대가에는 상한을 뒀다고
n-tg-0138	R	2026-10-08T08:23	power,macro	0	중국, 남는 전력·싼 땅으로 내륙 AI 데이터센터 건설 가속(FT)	첨단 AI 칩 확보가 막힌 중국이 풍력 설비가 남아도는 내몽골 등 내륙에 데이터센터를 몰아 지으면서, 가동 중인 24GW에 더해 50GW가 건설 중이거나 계획돼 미국(56GW)과의 용량 격차를 좁히
n-tg-0139	R	2026-10-08T08:31	macro	0	미 전쟁부 전략자본국, 울프스피드에 15억 달러 조건부 대출 약정	미국 전쟁부 전략자본국이 울프스피드에 최대 15억 달러, 30년 만기 조건부 대출을 약정하면서, 파산 구조조정을 거친 이 회사가 탄화규소(SiC)·질화갈륨(GaN) 반도체 생산을 넓힐 자금을 확보할
n-tg-0140	U	2026-10-01T06:24	macro	0	미 10년물 3분기 87bp 급등, 1994년 이후 최악…MBS 보유자 매도	미 10년물 국채 금리가 3분기에 약 87bp 올라 1994년 이후 가장 큰 분기 상승을 기록하면서, MBS를 많이 든 헤지펀드·리츠의 헤지 조정 매도가 국채 약세를 더 키우고 있다
n-tg-0141	U	2026-10-01T09:48	gas,power	0	시리아 다마스쿠스 인근 가스관 폭발로 발전소 3곳 멈춰	다마스쿠스 인근에서 티슈린 화력발전소로 가는 가스관이 폭발하면서 같은 가스망을 쓰는 발전소 3곳이 멈춰, 가스가 부족한 시리아 전국의 전력 생산이 줄고 제한송전이 길어지게 됐다
n-tg-0142	R	2026-10-01T13:32	macro	0	마이크론 '2027·2028년 메모리 수급, 올해보다 더 빠듯'…설비투자 확대	마이크론이 9월 30일 실적 발표에서 2027·2028년 메모리 수급이 2026년보다 훨씬 빠듯하고 균형 시점이 보이지 않는다고 밝히면서, 2027 회계연도 설비투자를 기존 계획보다 늘리기로 했다
n-tg-0143	U	2026-10-01T17:16	power,gas	0	JERA·델·아폴로, 5년간 AI 데이터센터 3~4GW에 1,400억 달러 구상	JERA가 델·아폴로와 지바 400MW 데이터센터에 이어 5년 안에 가스발전을 붙인 AI 데이터센터 3~4GW를 짓겠다고 밝히면서, 투자 규모가 약 1,400억 달러에 이르고 일본 LNG 발전 수요
n-tg-0144	U	2026-10-01T18:57	power	0	대형 ESS 배터리 5년 새 11배…중국산 비중 95%로 탈중국 가장 어려워	세계 대형 에너지저장 배터리 설비가 5년 전의 11배로 커진 가운데 중국 업체가 공급의 95%를 차지하면서, 미국·EU의 보안 규제에도 ESS 공급망을 중국에서 떼어내기가 가장 어렵다
n-tg-0145	U	2026-10-02T07:15	macro	0	제퍼슨 연준 부의장 "판단에 시간 더 필요"…10월 인상 확률 24%로	윌리엄스·카시카리에 이어 제퍼슨 연준 부의장도 다음 인상 판단에 시간이 더 걸릴 수 있다고 말하면서, 10월 인상 확률이 24% 안팎으로 떨어지고 미 2년물 금리가 4.8% 아래로 내려갔다
n-tg-0146	R	2026-10-02T08:24	macro	0	대만 9월 제조업 PMI 56.7…AI 수요에 2021년 8월 이후 최고	AI 관련 주문이 몰리면서 대만 9월 제조업 PMI가 56.7로 8월 54.7에서 뛰어 2021년 8월 이후 최고를 기록했지만, 자재 부족에 납기가 늘고 원가 상승 압력도 2022년 초 이후 가장 
n-tg-0147	R	2026-10-02T09:01	macro	0	JP모건 'AI 서버 D램 비트 수요 연 92% 증가'…공급은 20%대에 그쳐	JP모건이 2026~2028년 AI 서버용 D램 비트 수요가 연평균 92% 늘 것으로 추정한 반면 메모리 업체 비트 공급 증가율은 20% 안팎에 그쳐, 메모리 공급 부족과 가격 강세가 2028년까지
n-tg-0148	R	2026-10-02T09:25	macro	0	화타이증권 "한국 9월 수출 증가분 90%는 AI 밸류체인"…추가 가속은 제한	화타이증권은 한국 9월 수출 증가분의 약 90%를 반도체·컴퓨터가 냈다고 분석하면서, 기저가 높아지고 메모리 가격 상승폭이 줄어 4분기 수출 증가율의 추가 상승 여력은 제한될 수 있다고 봤다
n-tg-0149	R	2026-10-02T09:44	macro	0	소프트뱅크, 오픈AI에 마지막 100억 달러 납입…누적 646억 달러·지분 13%	소프트뱅크가 10월 1일 오픈AI에 마지막 100억 달러를 넣어 300억 달러 추가 투자를 마치면서, 누적 투자액이 646억 달러·지분 약 13%로 늘고 1,220억 달러 라운드 납입도 마무리 단계
n-tg-0150	U	2026-10-02T10:14	macro,gas	0	미군, 사우디 석유·카타르 가스 시설에 패트리엇 포대 1개씩 추가 배치	미군이 이란 공습 재개 가능성에 대비해 사우디 석유시설과 카타르 가스시설에 패트리엇 포대를 1개씩 추가 배치하면서, 공습을 재개해도 걸프 에너지 기반시설을 지키겠다는 신호를 두 나라에 보냈다
n-tg-0151	U	2026-10-02T10:33	macro	0	한국 9월 소비자물가 2.9%…석유류 14.8% 올라 두 달 만에 2%대	한국 9월 소비자물가가 전년보다 2.9% 올라 8월 3.1%에서 둔화했지만, 석유류가 14.8% 뛰어 물가를 0.56%포인트 끌어올리면서 한국은행 목표 2%를 여전히 웃돌고 있다
n-tg-0152	R	2026-10-02T10:48	macro	0	텐센트, 오라클 동남아 데이터센터 5년 임차…AI 칩 10만 개·70억 달러	텐센트가 오라클의 동남아 데이터센터를 5년간 약 70억 달러에 빌려 고성능 AI 칩 약 10만 개를 쓰게 되면서, 중국 기업이 해외 클라우드 임차로 미국 수출 규제를 우회하는 통로가 커지고 있다
n-tg-0153	U	2026-10-08T20:00	macro	6	미국 주도 15개 경제권 '과잉생산 대응' 성명…중국·브라질 불참, 수입 규제 확산	그리어 USTR이 16개 경제권 과잉생산 301조 조사의 대응 조치를 예고한 데 이어 미국이 EU·일본·인도 등 15개 경제권과 전기차·배터리·태양광 과잉생산 대응 공동성명을 내면서, 중국산 제품에
n-tg-0154	U	2026-10-02T11:22	power	0	미국 2027~2031년 가동 예정 BESS 293건…1년 새 75%↑	미국 에너지정보청에 보고된 2027~2031년 가동 예정 배터리저장(BESS) 사업이 293건으로 1년 전보다 75% 늘면서, 전력망 연계 병목이 풀리는 만큼 ESS 수요가 빠르게 늘 수 있다 (채
n-tg-0155	U	2026-10-02T14:45	macro	0	미 지방채 9월 4.4% 하락…리먼 사태 이후 최악의 달	인플레이션 우려와 연준 인상 위험에 미국 지방채 지수가 9월 약 4.4% 떨어져 2008년 9월 이후 최악을 기록하면서, 주·지방정부의 차입 비용이 2011년 이후 최고 수준으로 올라갔다
n-tg-0156	R	2026-10-02T17:15	macro	0	테슬라, 옵티머스 양산 위해 AI5 램 절반·AI6 3분의 1 축소	테슬라가 메모리 물량을 확보하려고 AI5 칩 램을 절반인 72GB로, AI6를 3분의 1 줄인 144GB로 낮추면서, 메모리 부족이 데이터센터를 넘어 휴머노이드 로봇 생산까지 제약하고 있다
n-tg-0157	U	2026-10-02T18:46	macro	0	NYT '이란, 8월 이후 주당 드론 30회·미사일 10회로 호르무즈 상선 공격'	이란이 8월 초부터 호르무즈 해협 상선에 주당 약 30회의 드론과 10회의 대함미사일 공격을 이어 가 9월 10일 이후 최소 13척이 맞으면서, 걸프 원유 수출이 회복되는 중에도 유조선 운항 위험이
n-tg-0158	U	2026-10-02T21:20	macro	0	중국, 보잉 200대 주문에 엔진 부품 장기 보장 요구…계약 무산 위기	중국이 미·중 정상회담 성과였던 보잉 항공기 200대 주문의 조건으로 엔진·부품의 장기 공급 보장을 요구하고 미국 정부가 이를 꺼리면서, 170억~190억 달러 규모 계약이 무산될 위기에 놓였다
n-tg-0159	U	2026-10-02T21:32	gas,coal	0	JERA 가니 CEO "카타르 LNG 곧 안 돌아온다"…현물가 작년의 두 배	세계 최대 LNG 구매자 JERA의 가니 CEO가 호르무즈 차질로 카타르 LNG가 겨울 전에 돌아오기 어렵다고 밝히면서, 이미 전년의 두 배인 LNG 현물가가 더 오를 수 있다는 우려가 커졌다
n-tg-0160	U	2026-10-02T21:55	gas	0	벤처글로벌, 코노코필립스와 연 100만 톤 20년 LNG 판매계약	벤처글로벌이 코노코필립스와 2030년부터 20년간 연 100만 톤의 LNG 판매계약을 맺으면서, 미국산 LNG의 장기 판매 물량이 늘었지만 공급 설비와 가격 조건은 공개되지 않았다
n-tg-0161	U	2026-10-02T22:11	macro	0	사우디 동서 송유관 수송량 능력의 80% 넘어…홍해 수출 여력 전쟁 뒤 최고	사우디가 드론 피격 뒤 절반에 그쳤던 동서 송유관 수송량을 하루 약 600만 배럴, 능력의 80% 이상으로 끌어올리면서 호르무즈를 피해 홍해로 내보낼 수 있는 원유가 전쟁 뒤 가장 많아졌다
n-tg-0162	U	2026-10-02T23:05	power,macro	0	러시아, 우크라이나 전력망에 최대 1,000발 겨울 공세 계획(NYT)	러시아가 미사일·드론·폭탄 최대 1,000발로 우크라이나 변전소와 발전소를 치는 겨울 공세를 계획하면서, 키이우·하르키우·오데사의 전력과 난방 공급이 최대 90%까지 끊길 수 있다
n-tg-0163	R	2026-10-02T23:06	macro	0	삼성 HBM4 견적 Gb당 4달러대…HBM3E의 3배 수준	삼성전자가 2027년 HBM4 견적을 기가비트당 4달러대로 HBM3E(약 1.5달러)의 3배 수준에 제시한 것으로 전해지면서, HBM 경쟁의 축이 공급 자격에서 성능 프리미엄 가격으로 옮겨가고 있다
n-tg-0164	U	2026-10-03T07:35	gas,macro	0	트럼프 "한국 합의에 84억 달러 원유 회수 증진 사업"…산업부 "합의에 없다"	트럼프 대통령이 한국과의 투자 합의에 84억 달러 규모 원유 회수 증진(EOR) 사업이 들어간다고 밝혔으나 한국 산업부가 합의에 없는 내용이라고 반박하면서, 3,500억 달러 대미 투자 패키지의 범
n-tg-0165	U	2026-10-03T12:37	macro	0	트럼프, 연준 본부 공사비 들어 파월 사임 압박…법무부는 형사수사 재개 안 해	트럼프 대통령이 연준 본부 개보수 비용 초과를 파월 전 의장 탓으로 돌리며 사임과 소송을 거론하면서, 워시 의장 체제의 연준 이사회 구성과 독립성을 둘러싼 정치 압력이 커지고 있다
n-tg-0166	U	2026-10-03T15:38	petchem,macro	0	후티, 사우디 아람코 리야드 정유소 공격 주장…대형 화재 발생	예멘 후티 반군이 미사일·드론으로 하루 약 13만 배럴 규모의 아람코 리야드 정유소를 공격했다고 주장하고 현장 화재가 확인되면서, 지잔에 이어 사우디 내수용 정제설비까지 공격 대상이 넓어졌다
n-tg-0167	R	2026-10-03T17:27	macro	0	머스크, TSMC·테라팹 텍사스 공장 협력 논의 확인…TSMC 소유·운영안 유력	머스크가 TSMC와 테라팹의 텍사스 반도체 공장 협력 논의를 공개 확인하면서, TSMC가 새 공장을 소유·운영하고 스페이스X가 지분 투자나 구매 약정을 맡는 구조가 가장 유력하게 거론되고 있다
n-tg-0168	R	2026-10-03T21:54	macro	0	중국, ASML 액침 DUV 약 343대 비축…미 싱크탱크 '전면 금수' 촉구	중국 기업들이 2026년 초까지 ASML 액침 DUV 노광장비 약 343대를 확보해 7나노 AI 칩을 양산할 기반을 갖췄다는 미국 싱크탱크 보고서가 나오면서, 액침 DUV 전면 금수 요구가 커지고 
n-tg-0169	U	2026-10-04T09:09	coal	0	대만 중강 9월 출하 104.1만 톤, 50개월 만에 최고…4분기 철강값 완만한 상승 전망	대만 중강의 9월 출하가 104.1만 톤으로 약 50개월 만에 최고를 기록하고 철광석이 톤당 95~100달러로 버티면서, 대만 철강 가격이 AI 공장·데이터센터용 H형강 수요와 재고 보충에 힘입어 
n-tg-0170	R	2026-10-04T10:22	power,gas	0	DataOne 인디애나 525MW 데이터센터, 계통 350MW에 연료전지 175MW	DataOne이 인디애나 프랭크퍼트에 75억 달러 규모 AI 데이터센터를 추진하면서 필요 전력 525MW 중 350MW만 계통에서 받고 175MW는 천연가스 연료전지로 현장에서 만들기로 해, 계통 
n-tg-0171	R	2026-10-04T14:55	macro	0	하이퍼스케일러 설비투자 증가율, 3분기 116%로 정점 뒤 둔화 전망	시장 컨센서스상 하이퍼스케일러 설비투자 증가율이 2026년 3분기 전년 대비 116%로 정점을 찍은 뒤 2027년 하반기 20%대로 떨어질 전망이어서, AI 인프라 공급사들의 이익 성장 속도도 둔화
n-tg-0172	U	2026-10-04T16:01	macro,petchem	0	포텐 'VLCC 운임이 원유 도착비용의 27%'…고운임발 수요 위축 경고	중동~아시아 VLCC 운임이 하루 약 130만 달러로 1월의 43배까지 오르면서 운송비가 배럴당 약 33달러, 원유 도착비용의 27%로 커져 정유사의 원유 선택과 원유 수요를 억누를 수 있다
n-tg-0173	U	2026-10-04T17:09	macro	0	이란 의회의장 '7개 조건 충족 전 호르무즈 재개방 없다'…사찰 제안 보도는 부인	이란 갈리바프 의회의장이 6월 이슬라마바드 양해각서에 따른 7개 조건을 미국이 채우기 전에는 호르무즈 해협을 열지 않겠다고 밝히면서, 걸프 원유·LNG 수송 정상화가 미·이란의 양보 순서 다툼에 계
n-tg-0174	R	2026-10-04T20:38	macro,power	0	미국 8월 데이터센터 건설 지출 연율 850억 달러…73% 늘어 최고	미국 데이터센터 건설 지출이 8월 계절조정 연율 850억 달러로 1년 새 73% 늘어 사상 최고를 기록하면서, AI 투자가 줄어드는 사무실 건설과의 격차를 사상 최대로 벌리고 있다
n-tg-0175	U	2026-10-04T22:57	drilling	0	9월 미국향 유정관·송유관 수출 9.1만 톤…전월 대비 30% 반등	9월 미국향 유정관·송유관 수출물량이 9.1만 톤으로 전월보다 30%, 1년 전보다 72% 늘었고, 같은 주 미국 원유 시추 리그도 456개로 2025년 5월 이후 최고를 기록해 북미 강관 수요 회
n-tg-0176	U	2026-10-05T03:40	macro	0	호르무즈 원유 수출 회복 뒤 선박 공격 재개…9월 28일 이후 7척 피격	미 해군 보호로 전쟁 전 수준 가까이 회복하던 중동 원유 수출이 9월 28일 이후 호르무즈 주변 선박 7척 피격으로 다시 흔들리면서, 배럴당 15~20달러 드는 셔틀 환적에 기댄 수송이 위협받고 있
n-tg-0177	R	2026-10-05T08:58	macro	0	폭스콘 텍사스 공장, 오라클용 베라 루빈 AI 랙 생산 본격화	폭스콘 미국 텍사스 공장이 오라클 클라우드용 AI 서버 생산에 본격 들어가 엔비디아 베라 루빈 랙을 만들면서, 오라클의 미국 내 AI 연산 설비 출하가 앞으로 몇 분기 동안 늘어날 전망이다
n-tg-0178	U	2026-10-07T15:18	macro	2	日 150억 달러 라피더스 반도체 승부, 고객 확보가 관건	일본 라피더스가 도시바 자회사 등 설계업체 17곳과 손잡고 고객사 칩 설계를 돕는 가운데, 정부 지원 등 150억 달러가 걸린 2나노 파운드리 사업의 성패가 실제 고객 수주에 달려 있다는 지적이 나
n-tg-0179	R	2026-10-05T13:57	power	0	JP모건 "800V 직류 도입 늦어진다"…하이브리드 AC/DC가 2030년대까지 주류	JP모건이 싱가포르 데이터센터 월드 미팅 뒤 800V 직류 도입이 늦어져 하이브리드 AC/DC 구조가 2030년대까지 주류일 것으로 보면서, 슈나이더·이튼·LS일렉트릭 등의 기존 UPS·변압기 제품
n-tg-0180	U	2026-10-05T17:38	macro	0	사우디 동서 송유관 펌프장 또 피격…중단 보도 뒤 '정상 가동' 엇갈려	사우디 동서 송유관의 리야드 동쪽 펌프장이 다시 공격받아 송유가 멈췄다는 보도가 나오면서, 호르무즈를 피하는 사우디 유일의 원유 수출로가 흔들려 브렌트유가 한때 102달러를 넘었다
n-tg-0181	U	2026-10-05T19:55	macro	0	예멘 정부군, 바브엘만데브·두밥 장악 주장…후티는 부인	예멘 정부군이 사우디 연합군 전투기 100대의 지원을 받아 바브엘만데브 해협과 두밥 지역을 되찾았다고 밝히면서, 후티가 9월 장악한 홍해 길목의 통제권 다툼이 다시 격해졌다
n-tg-0182	R	2026-10-05T21:05	power,macro	0	골드만 "미 데이터센터 전력 수요 2027년 17GW 증가"…지역 반발에도 증설 지속	골드만삭스가 미국 데이터센터 용량 전망을 2026년 말 64GW로 5GW 올리고 2027년 말은 90GW로 5GW 낮추면서도, 지역 반발에도 2027년 전력 수요 증가분이 17GW로 2026년(12
n-tg-0183	U	2026-10-09T14:03	macro	17	프랑스 국채 금리 2002년 이후 최고…유로존, 예산 통과 압박·ECB는 개입 선 그어	프랑스 10년물 금리가 9월 초 이후 80bp 가까이 올라 2002년 이후 최고인 5% 가까이 치솟자, 유로존 재무장관과 ECB가 2027년 예산 통과를 요구하며 지금은 개입 조건이 안 된다고 선을
n-tg-0184	U	2026-10-05T23:54	petchem	0	다이요오일 CEO '일본 원유, 중동 의존 90% 넘게 유지해야'	일본 정유사 다이요오일의 야마모토 다카히로 CEO가 정부의 원유 도입선 다변화가 평시 비용을 키운다며 중동 의존을 90% 넘게 유지하자고 밝혀, 다카이치 정부의 다변화 정책과 맞섰다
n-tg-0185	U	2026-10-08T08:48	uranium	0	정부, 웨스팅하우스 지분 5~10% 인수 추진…건설사·기자재 컨소시엄 의향 조사	정부가 웨스팅하우스 지분 5% 이상 10% 미만 인수를 추진하며 국내 건설사·기자재 업체의 컨소시엄 참여 의향을 조사하면서, 참여 기업은 주주 수익과 함께 미국 원전 공사의 비용 초과·지연 위험도 
n-tg-0186	R	2026-10-08T08:55	macro	0	마이크론 대만 노조 파업권 확보…19일 집회, 타이중도 22일 조정	마이크론 대만 타오위안 공장 노조가 전체 조합원 88.3% 찬성으로 파업권을 얻고 10월 19일 타이베이 집회를 예고하면서, 마이크론 생산의 60% 이상을 맡는 대만 공장발 메모리 공급 차질 우려가
n-tg-0187	P	2026-10-08T09:28	macro,drilling	2	허리케인 이사야스 2등급으로 세력 키워…美 멕시코만 원유 생산 63% 중단	허리케인 이사야스가 2등급으로 강해져 미 멕시코만으로 다가오면서 셸·셰브론·BP가 플랫폼 인력을 대피시켜, 원유 생산 중단 비율이 하루 새 25%에서 약 63%(하루 128만 배럴)로 뛰었다
n-tg-0188	R	2026-10-08T09:52	macro	0	미 오피스 CMBS 연체율 9월 12.2%…사상 두 번째, 금융위기 고점 웃돌아	미국 오피스 CMBS 연체율이 9월 12.2%로 다시 뛰어 1월 사상 최고(12.3%)에 바짝 다가서면서, 고금리로 차환이 막힌 오피스 대출의 만기 부도가 4분기 만기 물량에 번질 수 있다
n-tg-0189	R	2026-10-08T10:04	macro,petchem	0	프랑스, 전략 비축 경유 1,000만 배럴 석 달간 방출	프랑스 르코르뉘 총리가 전략 비축 경유 1,000만 배럴을 석 달에 걸쳐 매입 원가로 유통사에 풀기로 하면서, 정부는 경유 소매가가 리터당 0.12~0.18유로 내려갈 것으로 내다봤다
n-tg-0190	U	2026-10-08T10:10	macro	2	리사 수, 삼성·SK에 장기 협력 제안…HBM4 채택 이어 삼성 파운드리도 검토	AMD 리사 수 CEO가 방한해 삼성·SK하이닉스에 3~5년 이상 협력을 제안하고 SK하이닉스 HBM4 채택을 밝힌 데 이어 삼성전자와의 파운드리 협력도 계속 검토한다고 하면서, AMD의 한국 공급
n-tg-0191	R	2026-10-08T10:33	macro	0	미 PIF에너지, 20억 달러로 유조선 최대 15척 매입…호르무즈 통과 운송	미국 석유 트레이더 PIF에너지가 20억 달러를 들여 유조선 최대 15척을 사들여 바스라 원유를 호르무즈 너머로 나르기로 하면서, 15년 된 VLCC 값이 신조선가를 넘는 선박 부족이 다시 드러났다
n-tg-0192	R	2026-10-08T10:38	macro	0	네비우스, 10월부터 GPU 임대료 인상…H100 17%·B300 21%	네비우스가 10월 1일부터 온디맨드 GPU 임대료를 H100은 17%, B300은 21% 올리면서, 공급보다 빠르게 느는 연산 수요 탓에 AI 클라우드 고객의 GPU 사용 비용이 석 달 만에 다시 
n-tg-0193	R	2026-10-08T11:11	macro	0	미 국방부, 중부사령부에 이란 대규모 공격 재개 준비 지시(악시오스)	미 국방부가 중부사령부에 이란 대규모 작전 재개 준비를 지시하고 이란은 우라늄 농축 포기 불가를 밝히면서, 이란 에너지 시설 폭격 가능성이 커져 브렌트유가 배럴당 102달러를 넘어섰다
n-tg-0194	U	2026-10-09T01:51	macro	5	후티 사우디 공항 공격에 루프트한자·에어인디아 리야드 운항 중단…출발편 절반 취소	예멘 후티가 사우디 아브하·리야드 공항을 잇달아 공격해 3명이 숨지고 36명이 다친 뒤, 루프트한자가 16일까지, 에어인디아가 10일까지 리야드 운항을 멈추고 리야드 출발편 약 절반이 취소되면서 사
n-tg-0195	U	2026-10-09T14:05	macro	9	트럼프, 공습 검토 하루 만에 '중간선거 전 이란 공격 없다'…봉쇄·제재는 유지	트럼프 대통령이 이란 대규모 공습 재개 검토 보도 하루 만에 중간선거 전에는 이란을 공격하지 않고 협상이 생산적이라고 밝혔지만, 해상 봉쇄를 유지하고 새 제재까지 내놓아 이란 원유 공급 불안은 이어
n-tg-0196	R	2026-10-08T13:47	macro,petchem	0	비톨 CEO '서방에 더 꺼내 쓸 석유 재고 없다'…겨울 제품난 경고	세계 최대 석유 트레이더 비톨의 러셀 하디 CEO가 서방에서 꺼내 쓸 수 있는 석유 재고가 바닥났다고 밝히면서, 겨울 동안 경유 등 석유제품 공급난과 높은 가격이 이어질 수 있다
n-tg-0197	U	2026-10-09T01:26	macro	5	우크라 드론, 살라바트 이어 러시아 최대 정유소·얀덱스 데이터센터 타격	우크라이나 드론이 가스프롬 살라바트 정유단지에 이어 러시아 최대 정유소와 얀덱스 데이터센터까지 공격하면서, 러시아 디젤 수출이 줄어든 가운데 석유제품 공급 차질과 기반시설 피해가 넓어지고 있다
n-tg-0198	R	2026-10-08T14:08	macro	0	中 광칩주 급락…가격 인하설·FCC 규제설에 업체들 "들은 바 없다"	1.6T용 광통신 칩 가격 인하설과 모건스탠리의 미국 FCC 규제 가능성 보고서가 퍼지면서 중국 광칩주가 하한가까지 밀렸지만, 장광화신 등 상장사 3곳은 가격 인하 소식을 들은 바 없다고 밝혔다
n-tg-0199	R	2026-10-08T14:19	macro	0	씨티 "메타 Muse형 상시 에이전트로 CPU 시장 2030년 3,000억 달러"	씨티가 메타 Muse 같은 상시 구동 AI 에이전트가 늘면 CPU와 GPU 비율이 학습기의 1대 8에서 1대 1로 바뀐다고 보면서, 2030년 CPU 시장이 2025년 290억 달러에서 3,000억
n-tg-0201	R	2026-10-08T14:47	macro	0	FT '이란 전쟁, 영국 재정에 120억 파운드 구멍'…재정 여력 반토막	이란 전쟁발 물가 상승과 차입 비용 급등이 영국 재정에 약 120억 파운드의 구멍을 내면서, 힐리 재무장관의 재정 여력이 절반으로 줄어 예산안에서 증세와 지출 삭감 압박이 커질 전망이다
n-tg-0202	U	2026-10-09T14:32	macro,gas	13	호르무즈 유조선 공격 개전 후 주간 최다…통항 두 달來 최저, 운임·할증료 급등	호르무즈 해협 안팎에서 유조선 공격이 이란 전쟁 이후 주간 최다로 늘고 이란이 우회 항로까지 막겠다고 위협하면서, 통항이 두 달여 만에 최저로 줄고 유조선 운임이 사상 최고로 뛰어 머스크가 긴급 유
n-tg-0203	U	2026-10-09T14:27	macro	14	원유 완충재고 바닥 경고…中 연료유 18% 급등 뒤 아시아 비축 확대·유가 출렁	중동 사태 이후 10억 배럴 넘는 재고가 풀려 세계 원유 완충재고가 거의 바닥났다는 경고 속에 중국 연료유 선물이 18% 급등하고 일본·사우디·UAE가 아시아 비축 확대에 나섰으며, 유가는 트럼프의
n-tg-0204	R	2026-10-08T15:46	macro	0	중국 국경절 출입국 1,546만 명, 6.7% 증가…본토 주민 출국 9.3%↑	중국 국경절 연휴 출입국자가 1,546만 명으로 작년보다 6.7% 늘고 본토 주민 출국이 9.3% 증가하면서, 중국인 해외여행 수요가 주변국 관광·면세 소비를 받칠 수 있다 (채널 전언)
n-tg-0205	R	2026-10-08T16:06	macro	0	외국인 보유 중국 본토 주식 4조 6,600억 위안…반년 새 30% 가까이 증가	중국증권업협회 집계에서 외국 기관과 개인의 중국 본토 주식 보유액이 6월 말 4조 6,600억 위안으로 작년 말보다 30% 가까이 늘어, 해외 자금의 중국 증시 비중 확대 흐름이 이어지고 있다 (채
n-tg-0206	R	2026-10-08T16:12	macro	0	TSMC 9월 매출 전년비 54.6% 증가…3분기 1조 4,942억 대만달러	TSMC의 9월 매출이 5,118억 6,000만 대만달러로 1년 전보다 54.6% 늘면서, 3분기 매출이 1조 4,942억 대만달러로 시장 예상치를 2.7% 웃돌아 AI 칩 수요가 파운드리 실적을 
n-tg-0207	R	2026-10-08T17:07	macro	0	DA 데이비슨, 마이크론 목표가 3,000달러로…'메모리 수급난 2028년까지'	DA 데이비슨이 AI발 메모리 수요가 2027·2028년에도 공급을 웃돌 것으로 보고 마이크론 목표가를 2,100달러에서 3,000달러로 올리면서, 메모리 슈퍼사이클이 길게 이어진다는 시각이 월가 
n-tg-0208	R	2026-10-08T17:34	macro	0	크렘린 '푸틴·페제시키안, 9일 회담서 이란 NPT 탈퇴 논의할 수도'	크렘린궁이 10월 9일 투르크메니스탄에서 열리는 푸틴·페제시키안 회담에서 이란의 핵확산금지조약 탈퇴 가능성이 논의될 수 있다고 밝히면서, 이란 핵 문제를 둘러싼 미국과의 긴장이 한층 더 커질 수 있
n-tg-0209	U	2026-10-09T05:48	macro	5	연준 의사록 "대다수 연내 추가 인상"…무살렘도 인상 필요, 10월은 쉬어갈 듯	9월 0.25%p 인상을 결정한 연준 위원 대다수가 연내 추가 인상이 적절하다고 본 의사록이 공개되고 무살렘·월러 등이 추가 인상 필요성을 밝히면서, 시장은 10월 27~28일 동결 뒤 12월 인상
