1	D	life
2	K	geo
3	D	life
4	K	rates
5	D	life
6	D	life
7	K	tech
8	K	energy
9	K	fin
10	D	wrap
11	D	ai-invest
12	K	fin
13	D	crime
14	D	dup	122
15	D	explainer
16	D	politics
17	K	metals
18	K	energy
19	D	life
20	D	sports
21	K	geo
22	K	fin
23	K	pharma
24	D	crime
25	D	sports
26	K	auto
27	D	wrap
28	K	realestate
29	D	dup	122
30	K	metals
31	K	rates
32	D	politics
33	K	industrial
34	D	politics
35	D	politics
36	K	ai
37	K	tech
38	K	fin
39	K	ai
40	D	wrap
41	D	life
42	K	macro
43	D	explainer
44	D	explainer
45	D	life
46	K	tech
47	K	ai
48	K	consumer
49	D	wrap
50	D	wrap
51	D	wrap
52	D	politics
53	D	dup	122
54	D	explainer
55	D	dup	122
56	D	explainer
57	D	dup	132
58	D	dup	122
59	D	other
60	D	explainer
61	D	life
62	K	fin
63	K	rates
64	D	dup	196
65	D	politics
66	K	tech
67	K	pharma
68	D	life
69	D	other
70	K	power
71	D	other
72	K	trade
73	K	agri
74	D	crime
75	K	energy
76	K	agri
77	D	explainer
78	K	fin
79	D	explainer
80	D	sports
81	K	consumer
82	K	fin
83	K	consumer
84	K	macro
85	D	crime
86	K	tech
87	K	energy
88	K	trade
89	K	macro
90	D	dup	196
91	K	macro
92	K	power
93	D	politics
94	K	fin
95	D	other
96	D	explainer
97	K	macro
98	K	fin
99	K	energy
100	D	politics
101	K	aero
102	K	ai
103	K	auto
104	D	politics
105	D	ai-invest
106	D	politics
107	K	geo
108	K	fin
109	K	macro
110	D	dup	145
111	D	ai-invest
112	D	wrap
113	D	other
114	K	consumer
115	K	fin
116	D	life
117	D	other
118	D	crime
119	D	other
120	D	explainer
121	K	rates
122	K	tech
123	D	politics
124	K	pharma
125	D	crime
126	K	rates
127	K	energy
128	K	consumer
129	D	crime
130	K	fin
131	K	rates
132	K	realestate
133	K	ai
134	D	politics
135	K	fin
136	K	trade
137	D	other
138	K	macro
139	D	explainer
140	K	geo
141	K	fin
142	D	politics
143	D	other
144	K	rates
145	K	macro
146	D	ai-invest
147	D	other
148	D	politics
149	D	explainer
150	K	trade
151	D	politics
152	K	metals
153	K	realestate
154	K	rates
155	K	macro
156	D	other
157	K	macro
158	D	explainer
159	K	aero
160	D	life
161	D	dup	207
162	K	auto
163	D	wrap
164	D	wrap
165	K	consumer
166	K	realestate
167	K	ai
168	K	fin
169	K	rates
170	K	energy
171	K	energy
172	D	wrap
173	D	life
174	D	wrap
175	K	macro
176	D	other
177	K	energy
178	D	wrap
179	D	politics
180	D	wrap
181	D	other
182	D	explainer
183	K	macro
184	K	trade
185	K	rates
186	K	rates
187	K	trade
188	K	aero
189	D	sports
190	K	rates
191	K	industrial
192	D	wrap
193	D	politics
194	K	consumer
195	K	tech
196	K	ai
197	K	fin
198	D	explainer
199	D	other
200	K	macro
201	K	power
202	D	crime
203	D	life
204	K	consumer
205	K	power
206	K	rates
207	K	energy
208	D	other
209	D	explainer
210	K	fin
