211	K	pharma
212	D	life
213	K	power
214	D	dup	303
215	K	rates
216	K	rates
217	D	life
218	D	politics
219	K	energy
220	D	politics
221	K	power
222	D	politics
223	D	wrap
224	K	fin
225	K	rates
226	K	fin
227	D	politics
228	K	pharma
229	D	explainer
230	K	energy
231	K	rates
232	D	explainer
233	D	other
234	D	other
235	K	tech
236	D	crime
237	D	crime
238	D	dup	280
239	D	dup	249
240	K	rates
241	K	rates
242	D	other
243	K	energy
244	K	fin
245	D	sports
246	K	geo
247	K	consumer
248	K	shipping
249	K	consumer
250	K	ai
251	D	other
252	K	rates
253	K	macro
254	D	wrap
255	K	semis
256	D	ai-invest
257	K	auto
258	K	semis
259	D	other
260	D	other
261	K	auto
262	K	tech
263	D	crime
264	D	explainer
265	D	life
266	K	trade
267	D	life
268	D	ai-invest
269	D	ai-invest
270	K	fin
271	D	other
272	K	rates
273	K	rates
274	D	life
275	D	politics
276	K	rates
277	K	semis
278	D	ai-invest
279	K	trade
280	K	macro
281	D	wrap
282	K	fin
283	K	ai
284	K	geo
285	D	other
286	D	politics
287	K	agri
288	K	ai
289	D	wrap
290	K	consumer
291	K	rates
292	K	industrial
293	D	wrap
294	D	wrap
295	K	tech
296	K	aero
297	K	rates
298	D	politics
299	K	realestate
300	D	explainer
301	D	ai-invest
302	D	ai-invest
303	K	semis
304	K	metals
305	D	wrap
306	D	wrap
307	K	ai
308	D	wrap
309	D	wrap
310	K	semis
311	D	explainer
312	D	dup	390
313	D	explainer
314	D	life
315	K	semis
316	K	consumer
317	D	politics
318	K	rates
319	D	other
320	D	politics
321	D	politics
322	D	politics
323	K	consumer
324	K	pharma
325	K	auto
326	K	aero
327	K	macro
328	K	auto
329	D	explainer
330	K	geo
331	K	trade
332	K	trade
333	K	macro
334	K	ai
335	D	other
336	K	energy
337	D	sports
338	D	dup	350
339	D	life
340	D	other
341	K	auto
342	D	other
343	K	energy
344	D	wrap
345	D	politics
346	K	energy
347	K	geo
348	K	realestate
349	D	other
350	K	metals
351	K	rates
352	D	other
353	K	pharma
354	K	ai
355	K	consumer
356	D	politics
357	D	sports
358	K	rates
359	K	ai
360	K	fin
361	K	rates
362	K	fin
363	D	explainer
364	K	rates
365	D	dup	376
366	K	shipping
367	D	crime
368	K	rates
369	D	wrap
370	K	geo
371	K	industrial
372	K	rates
373	D	other
374	D	politics
375	D	crime
376	K	energy
377	D	other
378	K	tech
379	K	energy
380	D	other
381	D	other
382	K	energy
383	K	rates
384	D	politics
385	K	pharma
386	D	politics
387	K	macro
388	D	wrap
389	K	energy
390	K	consumer
391	K	macro
392	K	realestate
393	K	energy
394	K	fin
395	K	fin
396	D	politics
397	K	fin
398	D	crime
399	K	semis
400	K	trade
401	D	other
402	K	rates
403	D	life
404	K	fin
405	K	rates
406	K	power
407	D	politics
408	K	energy
409	D	crime
410	K	trade
411	K	consumer
412	K	consumer
413	K	power
414	K	geo
415	D	politics
416	K	pharma
417	D	politics
418	K	shipping
