14	122	중복: https://www.bloomberg.com/news/articles/2026-10-08/us-suspends-visa-program-for-tech-firms-including-microsoft	https://www.bloomberg.com/news/articles/2026-10-09/asia-s-largest-it-firm-shrugs-off-latest-us-immigration-curbs
29	122	중복: https://www.bloomberg.com/news/articles/2026-10-08/us-suspends-visa-program-for-tech-firms-including-microsoft	https://www.bloomberg.com/news/newsletters/2026-10-09/us-targets-indian-it-companies-in-crackdown-on-alleged-visa-abuse
53	122	중복: https://www.bloomberg.com/news/articles/2026-10-08/us-suspends-visa-program-for-tech-firms-including-microsoft	https://www.bloomberg.com/news/articles/2026-10-08/why-trump-suspended-microsoft-and-other-tech-firms-from-a-green-card-program
55	122	중복: https://www.bloomberg.com/news/articles/2026-10-08/us-suspends-visa-program-for-tech-firms-including-microsoft	https://www.bloomberg.com/news/newsletters/2026-10-08/microsoft-and-indian-tech-firms-targeted-in-us-visa-crackdown
57	132	중복: https://www.bloomberg.com/news/articles/2026-10-08/rbc-mill-pond-oppose-blackstone-s-canada-h-r-reit-breakup-deal	https://www.bloomberg.com/news/newsletters/2026-10-08/rbc-joins-revolt-against-h-r-reit-s-breakup-in-canada
58	122	중복: https://www.bloomberg.com/news/articles/2026-10-08/us-suspends-visa-program-for-tech-firms-including-microsoft	https://www.bloomberg.com/news/newsletters/2026-10-08/trump-immigration-crackdown-targets-microsoft-workers-harvard-mit-students
64	288	중복: https://www.bloomberg.com/news/articles/2026-10-08/nvidia-backed-firmus-said-to-close-books-as-mega-ipo-struggles	https://www.bloomberg.com/news/articles/2026-10-08/firmus-misfire-casts-shadow-on-data-center-ipos-in-the-pipeline
83	316	중복: https://www.bloomberg.com/news/articles/2026-10-07/lululemon-s-new-ceo-hires-head-of-athleta-in-management-shakeup	https://www.bloomberg.com/news/articles/2026-10-08/gap-plans-to-use-athleta-leader-exit-to-rebuild-slumping-brand
90	288	중복: https://www.bloomberg.com/news/articles/2026-10-08/nvidia-backed-firmus-said-to-close-books-as-mega-ipo-struggles	https://www.bloomberg.com/news/articles/2026-10-08/nvidia-backed-firmus-is-set-to-postpone-ipo-weigh-private-round
110	145	중복: https://www.bloomberg.com/news/articles/2026-10-08/boe-s-bailey-fears-governments-running-out-of-fiscal-firepower	https://www.bloomberg.com/news/newsletters/2026-10-08/bank-of-england-s-andrew-bailey-calls-for-fiscal-credibility
127	376	중복: https://www.bloomberg.com/news/articles/2026-10-07/isaias-to-menace-us-oil-and-gas-assets-as-category-2-hurricane	https://www.bloomberg.com/news/articles/2026-10-08/hurricane-isaias-nears-major-status-ahead-of-gulf-coast-landfall
150	410	중복: https://www.bloomberg.com/news/articles/2026-10-07/ai-drives-global-goods-trade-facing-trump-tariffs-war-headwinds	https://www.bloomberg.com/news/articles/2026-10-08/wto-lifts-goods-trade-outlook-as-ai-demand-outweighs-war-strains
154	252	중복: https://www.bloomberg.com/news/articles/2026-10-08/france-has-no-problem-finding-bond-buyers-lescure-tells-bbc	https://www.bloomberg.com/news/articles/2026-10-08/france-s-lescure-says-not-in-dysfunctional-bond-market
161	207	중복: https://www.bloomberg.com/news/articles/2026-10-08/environmental-groups-criticize-senate-permitting-deal-as-bad-bargain	https://www.bloomberg.com/news/newsletters/2026-10-08/environmental-groups-criticize-us-senate-permitting-deal-as-bad-bargain
196	288	중복: https://www.bloomberg.com/news/articles/2026-10-08/nvidia-backed-firmus-said-to-close-books-as-mega-ipo-struggles	https://www.bloomberg.com/news/articles/2026-10-08/nvidia-backed-ipo-s-cratering-demand-sends-warning-on-ai-funding
214	303	중복: https://www.bloomberg.com/news/articles/2026-10-07/samsung-reaches-new-profit-record-with-memory-chip-windfall	https://www.bloomberg.com/news/newsletters/2026-10-08/samsung-tsmc-fail-to-excite-investors-used-to-torrid-ai-growth
238	280	중복: https://www.bloomberg.com/news/newsletters/2026-10-08/rupee-nears-record-low-even-as-rbi-signals-further-tightening	https://www.bloomberg.com/news/articles/2026-10-08/rupee-slide-tests-rbi-s-multiple-defenses-as-record-low-nears
239	249	중복: https://www.bloomberg.com/news/articles/2026-10-08/tesco-narrows-outlook-as-online-sales-offset-cost-pressure	https://www.bloomberg.com/news/newsletters/2026-10-08/uk-supermarket-tesco-boosts-profit-outlook-a-shade-on-delivery-demand
312	390	중복: https://www.bloomberg.com/news/articles/2026-10-07/canada-s-westons-to-buy-uk-pharmacy-chain-boots-for-8-9-billion	https://www.bloomberg.com/news/newsletters/2026-10-07/weston-family-fairfax-financial-s-watsa-acquire-boots-in-8-9-billion-deal
338	350	중복: https://www.bloomberg.com/news/articles/2026-10-07/a-wall-street-upstart-bets-on-trump-s-venezuelan-mining-push	https://www.bloomberg.com/news/articles/2026-10-07/firma-de-wall-street-apuesta-por-la-mineria-de-trump-en-venezuela
365	376	중복: https://www.bloomberg.com/news/articles/2026-10-07/isaias-to-menace-us-oil-and-gas-assets-as-category-2-hurricane	https://www.bloomberg.com/graphics/2026-atlantic-hurricane-season/isaias/
